,id,label
1967,855ad76f6789d7a7836f45aaa8e2773aed0e22b7,1
12,75f0db080200a5f0cc273731ee1ba8237ec100b7,0
237,ebcda29be02da2df95304f32a5e97ff52ebb8241,0
1849,7e2509a926620ac240552212aa824a7ec3d72c56,1
1174,5f977b8b9e5fb32171a8a722b77d0f515274c69d,1
1260,2a45a3940d0c1d9c0cef7a181fe31215f506457c,1
111,c3867741d442fec81429175db6f8de833651671a,0
509,1dd7b07367de1eef7dea013de962ac0ab3710a85,0
1397,758c536140c7e68a2c06e7b9b73dadad7a2bed08,1
1112,8c3771cd32bb5cf52c24339e425675fd1f86cb1c,1
1080,5f0c458f04747d7c02f8d5a898792d02d924f7d5,1
1886,963fce0fdcfe34677210da17eee2b9477e5ceca4,1
834,40315cff19ef426a6a3d2637c641d77b5cc60847,0
541,e40f6bf232c35db7404050363afec444a285cd77,0
1040,bbef8c7915ada6a5732eb83bcac5de0808d547d0,1
1299,d034157f6fe82b4dce20b469a53a1fdc08524066,1
420,cfeda8b603ed4e701d492a139fabdb975a79e662,0
178,7d560eb28969d59953d81126b3785940f8f12259,0
370,58078d8591c6f075ed26376eb01914c7d23bd4c2,0
1164,c71c3cc5360930ab75edaf986090a413cca90fbb,1
997,15cabbab61ae06c28da652e38c07ba968ac7a381,0
25,9fa97da3b2d6cb731f906a27e4d05109e11a86ad,0
802,fa5bc993c735c34ac75779f716e2839cf7a70f00,0
479,d6da4f4d078e937095008ad5660c72c5be3a5c04,0
697,740b5dbfdc44535f5023d6d82ebc2b07f2fc03b9,0
392,df4ac71f98a059262134f09ec5e80f81764159ea,0
538,e42149701871cd51ae0a033ddff573bb342ed46b,0
1249,5675e27e9d84f1d411ceb7a827cd130292db9a71,1
481,468a381ff700cacfd42772c2784b61503c976036,0
146,b48b61296750eade3ed81e55870812857d24ca6c,0
1887,836b2171417da27f68be363c80fd53e0319f875f,1
411,cf1c44628c14588fb47e4b9c99670f7c00bc0371,0
64,05b637ddb01eaf27e6044d27a946b7d62f3eea15,0
1423,bc7d368c789714212ad58d5a02b67d4049209882,1
1485,6ae228f75aade1913d2c876a901594ef1d462f6d,1
1075,fd780fce81fb07e6d454466f22c3ed8a4ca838ab,1
1714,ec98c5c84450ed62bfa5fa4b6e2453dabc6a3634,1
1769,4a0fcda83d5e78866688e8df05079ea7bf683e32,1
1081,e8f44adc69b4af8060d0c61968fb4e09bade7a30,1
1318,be7ef1e695880c4a5d4350800b1efa5b835708aa,1
1274,f72f6143a3880d4593ce332651befdf89e9a1c44,1
577,b18e5a6b0dad2943985044b2ec09670830942d21,0
1890,768f67c714aa8660242ecf4227df3469ffc8d64e,1
882,f360ee108def0d8fbfa652f886b8e75721963bfc,0
162,f5af2fabe2c880419ce961c643da865aa6331b14,0
1584,4bafdeaac59f0f0a09540eaf9e97fc4ddcdf21ce,1
284,a59689c4a3c0ece4c4922984373c720264086194,0
948,9a78ed3fb3abcf78445e538053a8d0a79cb8a8cf,0
440,b1942cd75c75ae47aefea82168fba46af81377b0,0
61,4a0e6983ff300b4decff0ee0f273381a7d9b8aca,0
1527,569d05579a4193c4fc69a3df7a3fe491fd04d1ec,1
254,62a8a984de23d4029cf21b999ec2975a479c608c,0
824,74c7c01bbcbc377e8cb002ffd9f46e5136a03fad,0
542,78197aecc4a79a5b00ce389bb6470b350e642505,0
1521,b7e237b6478503785653b4c3535a1739b5247d85,1
1867,aff210f759e0b34f932cd089b26ea9f64a32bfda,1
1676,2be268ddf95883bb2733a0833c78df8d3a88a0e8,1
52,ec1b5be7127a7a975996d1e8ff569e9faefd92b8,0
1533,f167481ad0ff20cbb1989796d057069b4c50aaeb,1
175,3a405e11202933375da72811efc003d5f48dcb66,0
1063,bdd74acf7f5921912c7a4f6a549ced322c80dc40,1
741,31a41616a89554b2b8627fd85a7a9ab997d64b68,0
1781,e04522a4b1823a27c01f7b71f550c54c827cde16,1
654,87f1190f165b0bf70861d678879fea7e2287529a,0
653,0f3c70306034136ed0d0f120da02e65d946b8a23,0
1754,802144a9231bc67ff894e2684f64daeea0761ad2,1
1128,423e73fc9670efa82d43299ad5d7e27a5267ee06,1
1819,af486facee28e1ce872de2de22ad9469ffb3f953,1
926,05e826962d67cdbad428fbc88490b3863fbb9118,0
1564,0518d1b3f43ddcf392eb047dbc95118570222170,1
682,8492d44dc6333564bcbe8efae211b30429c6dab1,0
275,3d3f77857782ff1424266382b6d206d0f0474c1f,0
1650,e165fb816201e6efc68da0e28387221bd851ba88,1
721,ce1124fbae1121fa791cc644067e70685c65566a,0
1355,2b8d1ae7dec6300e82f6666d0bb418a2c17f113c,1
132,173842a4ea60b2b533c181853cdc0e4222250fc8,0
1734,8b767fcac3ec016b340e27e7bfa1ecd4fde46218,1
1071,0e29cff723adfe1acd73ba7ef091670a388e967a,1
1705,cb91a53a5ed919122c2969535b33473a7e912d22,1
717,3005d408955b5826b864845be8aeb9a015bcd326,0
1043,0d8fa0c5255dce220bb74ce2ccd15615cfcc2a4d,1
1142,d855d9fcca9e5303584b5a457318920c5e559989,1
1002,f6648967bc618d8622f7826cc0df3c782381e82a,1
62,cf6682bc95823b413e9ec11ee8eda96a7e47e891,0
1526,1af32cabeb00fe380b3747ea23488451893f44a5,1
467,18aca36001dd4e33860757955ddc095415a94c03,0
810,2fb100fa2e995912d6797862a1f9b098967eed06,0
627,0a713268e44af9cb63c5768ac5741070ba0d08f8,0
701,774b41f673441a3688c501b7cae0eea0b7debf98,0
1655,1acf4e11fe97ba49876447e2cbaa3af0709450da,1
1761,61137a47b43e0fd86eca4ac2618e4eaf192f1d31,1
545,bb31813cac03e38226138c4d750ee0165efc591a,0
849,7811a4fdc5cf36c4ec6de03e08170de465b6125d,0
594,26e9791bc99dd8ee1fb9d3f20e55ecdf3aa17e02,0
1400,fcfda32f3f3ba4f9a948522e09c919d76d7d223c,1
496,77f5450ec4a3a72764686ee251f8625ebb3e53ad,0
987,c3a79dc6ef8646eb50817c4990abbc8009bcc140,0
758,9fe51a0ba0a36f8986723bdb8fb8c8d54a634c9c,0
748,68e77c58049bcc996d877036f936ec417a793d66,0
137,64dcb2c2f920dc2df0e518bb1f1741c54fc8b849,0
1462,4099d26ef862093aeacafe64bda5676a1d0345cb,1
1437,c68060eb43596efb3ec0574074dbcb1e3536f43a,1
278,d26f93775295f18ae6c76d66eca577750b9ad94b,0
1083,36d92fc58882074d5a7ad8d1f4cd4abc24b63364,1
1454,06ddbd524b2ff4ff396119d8a8286d8f0007ece7,1
1067,edd041b452185e03261ec971bda5f5b44a20bd47,1
37,9e7fc9aeed10611478bfa9d065e401b234770435,0
350,0aea7bd40f0b1ee250c7a391f309a180871513e5,0
1921,8879f16a1cbcab627241977ce6fa7543c270dd95,1
348,0bc0d29fc0f7b4f0aaa0c8fa94525c01401f1d0e,0
571,00440e6fecac3f22c5e61d1a842cc59058161f91,0
939,b330e209d81a682f54e1ebd082caacda78d4f2e1,0
1558,0723a5428c8fce9dc28000f67c1bbb4e15eabd25,1
967,24de0d70f0f59de1e6ae972a8a818ce926227340,0
1153,de32e709fe742ffe6dffbcfdaf8e033ddd406c57,1
458,244222451965acd4b7c7fa85a5730a2b86001c6a,0
170,489956b70f1befb81821d925bf2cbb39fa5055a2,0
461,1ab73fba0fd1cd4855413b563091638824aedbb2,0
1637,aa6b3bd73a6614947901611b81291d1409299ee2,1
152,eb1ba8800419d02281b332bbafd0c1d889d89fb6,0
1787,c1c6e1b9f2b7931326788debe29f569dd9434cbf,1
766,de40851538894e4ace044f7f2719ef410c3fed46,0
1407,57b2ae971c647e0c3ed3f4794b23b0052e399770,1
1466,66b4ab898e0e946149625b6ec3d52f6f73ea2197,1
1177,9b48758cfe310005b33809f913d11f2d8f8d6ab7,1
1446,9b20d2761a613e0b462985b72cef5d414ef59fca,1
1843,17345590cae44781623c8e922728ea525ad0c352,1
723,db789ce6f1fa19a6800ed45d564f16111848fa3f,0
234,715fdd784bfde419c3f40d30b8bc721a026a4bb7,0
281,a9cbfc5c6a42b08725348ae19c5b165b52ea50b3,0
335,8a570c938f64c4cf91f240c824df529ccc689100,0
1508,83b6c1d32da91b60fd69121090e75e192adb3d9c,1
1487,8ab697fe88fafaae7e466fe73781df9c761bf269,1
1413,d0afd001be58fa3802581a3494858f754310aef2,1
406,6fbe5c49d746c67b35080fe8af82a70a50283591,0
779,651ad76045eb120d9101141fff3eb7958ffc446f,0
141,2d30129952554916f105003c389b134145cd6702,0
932,35984e4a2c6191fe0a19d145030ac953d9e0ba45,0
977,637d17f54afc845cce0260d290f1cd1617d55d9a,0
1439,76fcbe0d5b0e581e336974326bc30be38d49ed5e,1
351,4d012912e5a2c9cf132522838003b5763746cd14,0
845,664950c8d7da981072abeb1c2422589c8b25dd96,0
1252,253cec17ec590163989df38eacdf9af70de6778c,1
385,fdc9a156e4a45c5db3dc38256d935d99ccca4863,0
1652,a595521dd514806a22d395056809ef2115f7ea81,1
1086,de8886bda46a86cbc264cf8f73843daa17846149,1
525,b67213ec8a34327a68346ad9224ea3e66d805b21,0
1263,d08cbe4dffcbf40c00267265e299bbb7de028067,1
737,bdd4732cb5516e74211f6ba8732276d70437210b,0
945,d7719f76131673061427b8befeebb6e44446a815,0
1191,0cf9c079f4a51e2a98d74b9d19e3094add8d892b,1
1155,ed9e201436f8819e617ad9bdbd5c228ecefbd177,1
1463,f111839b2de48a98da9743bd368de2a503ba248d,1
288,af5eba06fa6f1c10d63c481b1b8be177c1320246,0
1313,479201b9df20a13b9bb0025bbe5032144173fb1e,1
1619,221c83c90c93f67b101c7f79775b9dabeff7ea74,1
1961,5ce9e92d9a9a254af176227864ef0fdcb2d99d79,1
292,9f631ac12dcd30d53384e67f0f505da95393798e,0
212,9c8c33aa7f4f845b0f28f35744c046ce5bec51c2,0
1687,a418c5e95fc7e3572f712b1d3bd0385686d449c2,1
1089,e779a11fcce70be349d17f47bde16817369e38b3,1
177,10611c15b3d625708c3a9613384203e1a4c7647f,0
1045,5f72a8e41a575aaa65e14cb98e37b2bc1936a64a,1
1656,abe806cc63a0b4ea70aa8c212775755600237165,1
982,ea0d013517f950d55caf0187474536f232441ccc,0
1541,98baf77321636a266b65af3c1f16cf0b38750560,1
1795,4804b8e3cffac238970771b7e5ea40a7d33df8be,1
313,bdd12ebe32f68de48893d29661cc561669d2e14c,0
500,b434aabead51af209a7ee72648a794b82845a77f,0
898,75f1358e3be33b58d7455d12c54159541581503f,0
1073,9042cedf3a8606977d0f412020a6ac0247199a7f,1
1380,a1324445f6310dadbef1eff6363791623af8ae13,1
1372,e640a331014d1e6387a3aaf4ee4064cf3ab0f596,1
1497,937905b1c10449bd5e7045834859c78290d8d8fc,1
1399,b14fc91fffd3e5e673c9093e51e863e3b7c57d9b,1
133,e84f50bf325c5a6c5ae69b427ceb955ac35b8c1f,0
863,9bcbf30dece69437fdc15c88f32b49cad5c6cdc2,0
1170,907dda9e20e016058fd59786210abc7333e0134f,1
1438,b66ff38c39a63f3a04b1c44832726914f6e10581,1
1109,c7823f763bf4e9c339d4484ed013dd82594edb88,1
1868,846ff7c2b80ed7362efe323a19e3bbf8ac4d97ea,1
535,28ca7a110b18d64e8d6fea82397f22fd1ed14325,0
1869,579021db2e20786d956bce9cdd7117192957cd55,1
1297,0e47eb4deb190fa191498d28e92100cf6bfd2d7e,1
1190,a920a996739ff7c1b57a57353a13c430f0f411e5,1
105,cd3081e07906867da5dcda4a58939dce2e828b89,0
276,f3750c0ad3dee913b14f506fc45e76bb59cc94ac,0
812,d5374d087589c663aeff2b3d4262be96ebb6df5f,0
605,0ea8f2faeb7163e9eda36ddd6700f7068611e706,0
760,79dd463edf04bd654d416a894ab664113296395f,0
1975,b2d1a2e14cfc6bc1b6fa65056187861749652597,1
1621,e545b56f4bc29d64a3684199144358a0d5a9f35c,1
1880,8b6ff2e06da0497325b64179e4b32d4b17068e93,1
92,8a4aa40adf0b4b28218a7a56c93d8f81fa7dac87,0
1238,224a091b8cc60a8f019cf2f6dc313eb0f38451de,1
1412,9d37cf51c8ae972aa2e1c0413a49a7c8afc1c0b2,1
423,2635f8aec2f450102c7b414f51118aabed03fa2a,0
89,5d3867b2e3356b168b9e47ff6795f00b5f7aa9ce,0
869,01dbe265e058e283392fd904479704b7f6dc2540,0
913,1ac13627edaf75c325f9ee426416efa770f0b321,0
1719,f9d4dda4afe25bcf16cb293ccd4cf6e97539f2c9,1
595,11e94b29cafc5202bf2949e3771a37699b363490,0
56,b0f703fd5442ddbf8b5fede6f78b71f126dd72fe,0
720,74eee7ca173dededa75d64e6cd945e3cf07fd044,0
1823,bb1e107f52994925dafff3626f68ed94b2c743c8,1
31,46a63e16018c83d7541646cf2e92eed3b28c87a6,0
176,2b3d6bd3a7df89e60f80e54c849466dd16cc88d5,0
1225,2c3ec0c5d304759b1a74768e4acfd090addfd038,1
1452,bddf64d630767d2e817298fcfb395aac834e8dee,1
1165,dacd7bc187739e31c881e052ade74502c2684022,1
994,f95588c0fe61b773282d478841b98f5e59970846,0
413,947e986d1e8fa4c386c708b29edbc1357884df54,0
1683,fa9f1fc30372d3b19b585fe9fe7bc17f79dfb244,1
402,8ca236ac013cb2a24277835d62a62d1365bc617a,0
2,dd752745021474b0752095c8d6c8af72ea9f40ea,0
230,053378fa31317c7b4239954f27747267d6081fa9,0
1627,1b5f79be18e3c093c320a8423ac1e40ca4b3493b,1
1590,d36d094b1bf13cc987aaa02ad8ef5d5b61a4eef8,1
1490,b810c855ff615c07156352de434e04aee12587f7,1
1520,d7cb2e76f2492f497f83732a42758fd6f4768bf0,1
1201,6aa505134bd6660fcf8434e5037271d170973745,1
521,206485b96af1a5703208b668dad9be6f8e609aac,0
572,af45f7f6cc5b653818644e5dea1979da2a090bd3,0
304,e936849240e471e05284424940aeb61c473aa009,0
1048,c112009c03da91122e2ce0f7eddd4df2f843ae66,1
1862,c0619769e52028c32b28ba66208575e6ca39206b,1
1244,80607cf7b73590a9c178043d1e32fa8a45808627,1
1057,cd88aae1afcd4eca39330e301b5bd8c35e782031,1
85,7f611500a42c330b0a703d0276b65e920c25947b,0
236,55b96a05d8974bc69cfb08c25c0caffa3238e598,0
439,f5318c9d238262e048d80e484e3a81a4d5f25278,0
1342,8c535e03a6cf36e883bd0f9a6681d90a0f807a4c,1
1722,9af15a23a12ab971ef8a2b699a179cc5538384d9,1
1983,c6939288ead1d53ea4853aae2131006df13a0350,1
718,67ebab35548f7b992f003280616fbd6a5354fcc1,0
1871,e2d7a0edd9baf5b898c3be5f2fe43be317184a05,1
1034,7a12b7310d4265b7ffbce9fe60ebb68cd94800d3,1
1298,fd7e1b869d5e68ed27a11696e9cd0c460eca69ba,1
1523,479a6f25ba4a6bdc2d96bf92b88af3fbf0270a01,1
537,4d2a4665210b70a207e312852230ca997ca8164e,0
1536,b5298488f95e4956524bc20abb10afb80a39563b,1
1725,ddc87b38cb177421f9bb103f9ba785ae473d96a3,1
1217,50a087ff7f46c2c65e2271fb06b2010a12a632bb,1
1579,be83147c538e1d60a33c11ad8847884fdd07ef56,1
1931,ff06376cb87ab150c113404303f2dcb8d0b9a082,1
1985,030d520a7310216843b6e5ea421982a7b3b333e2,1
934,c54bdd608d32b5d871ec694612a7578a9adbc1be,0
1899,95db12605a85e3afb5c67c45185525064e502412,1
1802,6a4c2834a584fab956e2b6276c1fe512f9c6ce2a,1
1203,6bc0838042f640d0187bf6071578f65bd70dc837,1
167,bd5a8e2aa8549a095f25a82648ee230b7f015ff6,0
826,5ce9385bbc49d3f443ade6adfb68d8e927afe2bf,0
1175,324ca14b87f648b5b99df04869a4e2e4f50598df,1
1902,98d404eb86ac3864dd3c38cf90379906c9842ccd,1
781,1975fe08b5dfda475a61dd090e53350512d0e632,0
1279,e4b9046f2a3328855853d790220b2933b66a1a6c,1
751,01346c5b2d153ab73431ecdb5391216a273e645b,0
248,74ffb9e27dbd73486c61c91e042523c414d0e4f4,0
1012,010fd1d36f89041a6ffca32e95ea70ed43211e96,1
995,e2144550e473a9e073654127a9a877632e603ccd,0
564,02b05e4cc45b680e0c4dabec444ea621e0f90d2f,0
24,ece119a5454ce7e510af832a0fef4169dbfe957d,0
728,fb2c69d47d7ee3cfbec00b061346828302f1f9d4,0
1335,f75749530043132c79f28e98bb090c16ea7f665d,1
326,ef5e77c4b58849c42d803ded96369f256a64827e,0
966,c522aec7d13b45730c06c22fcbddc27a90e34c84,0
1753,0bb6ce92f7e9eedbf781c9414d7e24812a672f42,1
1200,bd6e3f75ed5b244c5f052f127bf3b7d8073925d4,1
55,4c41442b3fd243d7fc2b29bd3f78cb0c246d0970,0
1814,e0f4c07b94e839ffcf5e34cd5c3fa72d14a0544e,1
1074,cf157ed696319a1c6af1c2e51b44fb4a788b95d8,1
1671,68a6eceea264d2766a94806de58eddf565e25f4d,1
681,6a1131f9d7b923f356f0a7bcd2e49ffcf03e9025,0
1853,602d8b09a2a92fb50e574479004d56576d19c182,1
1889,dc0b1fc8c3db7fa0612870d7241300f621d222ce,1
341,2ad83efc06b4ce6f39f199775a6441fd47801bb7,0
417,c2dc8db84cd8429226a7732a87d7d0d7c13094c8,0
1029,f671c84cbb83b213251350bc953ae7b2ac204ebc,1
1028,461bc8029aa4ea24f5c8311a328800d7126d8584,1
151,85c90edd9d619e48002f42a396ff9a0603cccd2b,0
216,a703b6e37ad845cb42496008ecfaa6b9f71bcf8a,0
140,c76b4f5a845868f00e9dc9d8baa24ae1076b7a15,0
1723,300831d128c0aac1dc04d73a5a9f142424782db1,1
1268,5d535578d8a5912d2a8fe5ce4fc98bbcb9c4e7a8,1
1510,252061875f15ecd36ba388e0f8e8c7958fd1166e,1
247,de78fdcf6750c3d97d30deb1ec9d50a2159f38c6,0
1310,8d932b03bd10de8495c53fe44638b6a6be103226,1
300,ba598b72ce7f1b12b29e99802e62d01683298028,0
1878,c437e0c696ff180404c69f2f22225f83e13da9f4,1
1505,5446bb9193a7abefa83494acc4f74466567fce7f,1
761,6821686cfd76dd62b0db2963a1b0d9d323f35651,0
1426,41aeb0fbed963d121f0ee33e7389584612c459d1,1
759,6763728ae44365f722c8c846676e42c30725459b,0
1393,b17564d31d97549e0a8061f190365327ef9861d3,1
767,7bcddedd2a1a707ca9b355c2ec77245d90b0a0d1,0
1915,b5935fe01b190320e2404fa5b9a8d9137c031ff4,1
1027,e154b0b27d2b3bb203b3d832df89ec1a1b14e0b0,1
1044,a30465eaac2b2ff2dd96cff5e1d49744de46508a,1
973,5396343abbc156a92d0e03f626feaaa0e9970373,0
816,c62dde4d585c260f69bcf48dc184f763edb9c1ec,0
1741,af9368f5d1afdfcb75819fb941b49f7c925c88ba,1
354,fd6af484c9eaeeced09294989d51eb179a2f3dc5,0
166,6631c4b0961ea145380c7e1af7119a0d4498a088,0
336,e15becd5db609d0df260c77f78dfe7b6d5ee9a25,0
29,4c6e6b3fb584db1d4fe4bd35527f0cbd7c5fe251,0
1169,e7bc332bcccc3b11e16d2d8f18eaeae8cbbb18e5,1
652,31451593d32b6b0ff3383346d13d43adaac8b3ef,0
246,18883ae13a382e1c62c4f7e5a6b1c948e050a533,0
576,e932916fe97c2451de60e12ae8bc9a64bf93626f,0
267,30ff036788a6885bfb98b3e6fe3b175ad338ab59,0
1647,e34c6c9fedfaf14db9bdf405990e9b99e509816e,1
510,757e2207398277b07ed0493d1b7e05ef178c77e8,0
1796,f296c881f01b7d39bdc2c3b5de3e3b5f7c8e79c0,1
1189,3efaa2b6400902f3755fb5e3726a1271aa84abda,1
136,2f76da5b1fa725ddd23098a2f77fd8cf1d9d7e9f,0
1387,f8a90c3d8932a9e5636d7e01fbaa2afea176de10,1
1312,c802bb5660bbb3631fbc9c300880a59da46c7d87,1
1251,59764691e385549af5331ce3b3cb2a88ddb99b5b,1
1841,13b12715dc14334262ae268c7d4970e9c599eb1a,1
1072,ee29fd052eea6d2bc2f9d16a0de5de98df997986,1
1712,641a69f4080d5e905b7b9d212ecad1c914281029,1
1782,16f45160e6adbbec66d154ace0f8cdd7e43fe2f8,1
1230,a01bbbe407d11abed7f80da3a2d80d1947694f22,1
511,2ac9332b3e79b215846f3bc80c603f1a9e69de4d,0
707,167214e27b0acf3ef76e8e4e861a9890fd5ce677,0
186,e6e08522dd0c28ef299d19e523d2004c3f19ccc0,0
1498,5b49fbcfc14fc15c4ec2995cf3dc08ca8070861c,1
852,2872c460a3469af1e57689a7726340feadd6c7e6,0
612,6fc08a3dd863321e6c821b450bfaa7449e4c1fc3,0
1409,ed24e4152d0441b21635b62dc71d87c0e51ab2db,1
645,1167400019b2ac6395bf706ea4e6d6ce16521727,0
1447,90e0734612805b3407af483277f6361c81030016,1
459,9df00bbc6b78850db8dbb1629ccd63b95af3dcae,0
1632,591d3f06744e780a6ae7f8fd1cdaa90ce1f23b45,1
638,91012298990ddcffd6baaa52cdf4299fd475d5d1,0
1514,bb7e354ff7556ae662d680a789265fcf7ad8d3bd,1
689,68b3a51be7c3773180dda4a3b07e6d2364aa5cd1,0
301,8a7b0018e27a5583e79a27f1c14cdaf48a519eaa,0
788,a47330aa9a32da00f38a2004d12d17cc6fbdb9a8,0
1273,2b759aeb9f029ddd9d791efb77c1c6acb2b93d9f,1
1964,79a7226c30cfead36e5afd39926deb247575ca97,1
714,cbf89c9b57a1b5ef3bf3d7b53ac784e61d4cc948,0
1834,26fbb9bacdf9c1389502b82b0522f7906fbd3586,1
1428,c9ebd2d96fdcea735dbe6ed96ce38ac4e5495e3f,1
589,f22ecb3c631d1176c5693be05a5ad0cc0decb757,0
695,2d66ad57ef5c596ba1df2ec4faa4ec0b9a0b8765,0
391,8d90bacd87379de2401db389b3a8e00a5d5ba829,0
1612,878d64c042700eb2d83c89a1b9bc6f2ea1c2a01a,1
1770,21c3c6d37eb9ad647e1e6c4935ceeca7f0c5eaa7,1
239,2ec98de2b68932399c77cef3e27ef6657541b957,0
1379,8fe342b1b9aedfbaeb670b99ea5f0a28d566886e,1
857,55696fbae178da4a99c66458ebade264901dd4ee,0
221,916027354a02347b2d71478deffde1a0c1ff1a59,0
1662,340bf9e0dade57d5e15f92b74f2304836f6dbf71,1
1511,7f12d13f1a4a571ccb8cf0c75f8986aad8894134,1
5,fd22a4604b828a40c425dada4f1a2078f6068490,0
477,c560b257b0b2d1a9aa8dcd1d8527e7c86a960fc9,0
583,49f3c7175e7bf741f6053f010ea43c1bd45c18e5,0
1305,fe4d41b5db6a0f1e9b9357bc7b748523c28ddf0f,1
296,66286a21091e6ae60879e7bd5616ba48f8a069e9,0
154,33765e4355225612a4e1f3bde2913e0f0b654c35,0
1537,f0130673b336ff55de7d56759ee51f5b40f2ed35,1
318,5f373f57fe1eba77e89f299f36c223034ee13420,0
1374,15efad86d95373cc0320fb845fdf49f909ac5608,1
447,93d0e23ec42c8b2bafcac0a72898d1a5274a6bf4,0
380,4e6ed938e8cb01aeb6cc290f9da8cdf0df678597,0
961,26996b288004896bdb9379d28e8a8e205c1a9151,0
1566,102786053261aed935b59cba947a3dd1796168b0,1
1960,751f1f3749db6aa9a8a456ece84cb06568fa46e0,1
1126,413991b4f7ef46736c414bc322b289726ed36b73,1
1821,657993f5791c53b0b16235629b8eea05f3fef311,1
483,11d427ea4bd2cabe4da9a283460bced99fdf2ec4,0
582,07a1b1f5db81dbae0e8a2891eff6d2386d702894,0
376,e331e4a96910cde7a51d072674abc244d3cb2ac5,0
1994,db0183e7411bff402202605567896c87d94eed66,1
1685,5ae94d8d0ca88afc91f32c7c8ef402e28a9f318a,1
806,7e0cb7fa72f7ccdaabf2b3a6d4b5855bf0be902a,0
813,0aada2f806807837929075d747b75e708bfb939c,0
1856,2d97323f40889adce73f9a60bca49507eb27d4bc,1
1742,97ec78c0e2b21e09e8590a94dff68d076c35eafc,1
1234,68dc4e1703ce406a7c96dcd69a46f1965e5bdecd,1
1046,dcb77718f9732b493914ace7978554e09b9e74e5,1
1479,71ce0b71bb2c07c7ee2457b9168320b0c432b830,1
1440,afa6ccdaa3e7e7aad93cd754d8171006a5a7914a,1
1381,072c01aca18381cb2253362fa0f9fd8827ffafe7,1
54,88d60aa584686b738edc6173b192a0d380ed4be0,0
429,faaf616d4fd4a3c1278ca01882887a01777adc3d,0
1675,def8a1273f7527572e68e7fb5721ca7d1d00147e,1
1731,4ab26315e6656478c34f709c34b4b777e9723aff,1
1610,b82130332a3c2df19dfa3c01732d686e4797e625,1
492,c4d4237491fc17eb0adcf540648ff788e745f14c,0
1827,e6cb0b2bc72e633fa2fc81966d0a8568c36a4ee0,1
303,bdd9aadc45c639574a7e75b644c4c433e3115de4,0
794,ec4cd07fda845d2c42281253fb1df9824680a8cf,0
1211,9183279311e6dcb7511acf3d94222b9c16701965,1
808,bb4274fade437f2497201a6b2803071a3131b41a,0
271,37c91165ad599f59e4ce619d7ee314e8eccbe70f,0
803,c6955bfe5824550e08f0fbfc4428307ee2d761a1,0
1711,d1fbb827188f76dc7dcb4ed1562108ba4eca9d38,1
891,0bbae2a2f9fe0b693384b2c396d9ba6c33dd3e54,0
366,f6c628c0125ab6e2f3c9e159b8aa515af1630da7,0
1581,c6aa0c34b5321a4fb6ce2ec9943e42e04dd1d4c8,1
1038,0fdceb1d909a82081d856d271dfe698f06f0cf5f,1
82,6a6e9c422142e1854aa5e4a234a24c028212f084,0
1934,775a8089fbf2ae5628a1bbc822455df19fad4c11,1
1763,fb1df44506030b28775b7fcdd6bd1149325247fd,1
1396,4902b9eafe94a8a936d03823c56bb70e9ba9a6a5,1
677,af28a41c846ab95707d59cef6684ffa5165a802d,0
1971,548f74c130900fbad32df130b37d9787e57460ce,1
468,6ef7960645a9ed9960e02a0e2fe4b73b90219535,0
1247,f9b667f67ce973a27589298ce610141ffe27d012,1
352,3971de1936c03a1677868af01699bbb57862e4c8,0
893,52c86873f272d96f1b5f2dfeefa47fa616c61b81,0
147,e5202f8ed5d874c6940ab266be7fcbca6baf887b,0
1519,882e86742cb8a69b48ac5e286bd9aa4e5413f62e,1
173,2a2024bf4e8b1c8249073fec69514e794bd8cd91,0
1345,4c6b72858917eec3e9ab4017ffaa24f55b1300eb,1
1593,cabb545d6499f29b65e12909781f3c033926ea93,1
1824,5d78814c3a0d51622c69674429fb4313a3125726,1
1035,284cf32eb70ab66fd7587bcb4830b50b87e1197b,1
1257,ce5404fc14b04aa217ad12ca58608565bd0b93d4,1
412,e77de881c92a627099b08137acfe433582b85169,0
270,850bd9aa0a26a7e9c8ceadb123f739f140869513,0
513,cd10502df9a1497a104c6744c68eee97041292b7,0
827,bd9ac3d0f22de4efd72bbdd5e95b72c102e4cf20,0
1740,fec1846a55c92fb7a898d9fae569cf90fbecff9d,1
775,2677843d14f04af28c85339d8b9cc58394719984,0
1534,8c102540c76298e6dc3f988197ab6a6b2ff8774d,1
66,af38905120f39f2954a4a2a366468a48e33a7c16,0
1749,2b0173cc2731ae41a48df5605703c6082338fb9d,1
1058,f31fc17caf4195ab4f09957a3147ffafb9a77c9a,1
565,ac515bc07c3fbf29b77631b61ae33ab58c038eb8,0
494,388593ead83193705af96b97beb98fb57431b299,0
1330,a4a6ea107b20316ec5218181a5d27e4c84f215bf,1
528,8840302e8a4c2c5f9cf9dfb72400cb6f7e521476,0
821,eda75fe64df4dbca67872bde13786a8cd8ecc792,0
848,f33945170658b81fdaa099de11b649b31b3a3c68,0
629,11fcf0998b833231848099e8a2bb0146ba8804f2,0
197,01cd62676e47ef672258865a0b1336cc3cce70f7,0
1855,7102cb73e4d6751541e971c7dc113d1c8803a6f8,1
621,7eb8405c09a4e00275dd0243c486dd8ba5a54d11,0
793,4776ba888a81b9faf0a2c7d9541765fecc1dd5c5,0
1121,6d75075d4a25ba0147c463bcfe073955cc6048a9,1
1053,3f3b25c67862fc9c7371c1970170ccbddcf07704,1
724,a1b104cd98384c0c5db23631f0c9e63b4b432abf,0
8,0b9a29ca29fb9eb5d0e09b42473fa100d844dd20,0
15,6c87ec0c5d15ce23e5d200e394756e4b719f7f03,0
1606,dd64d2561c0ba50662b992ce67cafd17abfb3004,1
277,48a54a70f94f39ec99566f6593b54bb90cddf8b1,0
169,a08225fd9242173f6c94cf65eed36745108ddc91,0
1077,b589cf0bb54d4d0b0bed49f8a50ed4ee74b7cf64,1
959,4a30722dc1456808f12897d6b6890765670dc683,0
1055,96cc7cb08883d94fa66f0a945c1839a79038d579,1
1636,eb62636bd4372ef89c083c423febe59c0a58ed0d,1
907,5bbb6d24c9209018571d9ce7e8026dbc3b9e2895,0
938,ac2af000963866e8614053e3a54763329af53d18,0
879,f214ca81202d2c69618cf09adf77fea4c3f3858f,0
1134,dbe8fff73c79473c1155ac8618bb111141112e24,1
1373,d46c360de9198ff21552cab19ee11d187f29577e,1
1478,1798ba692dd1ccac5c32355e5fdb00bd35a00672,1
422,bdde50d27ff0ca1dd7bc4d5b667c4d49ee568344,0
1197,655a891b74fa2eb18972608ae9b1fab40a59c298,1
1324,bd6743a4d6c716ee1ab0bf4ea3f1f7f28ec49d46,1
1552,9a6bf0b8bf60d3a5550cc80915df08d645db4743,1
1535,90ef1f2fc97bab8e8e3f9a8693e754b65c750ddd,1
931,05c6ba5d9099819e8f9e6bc3d65f36392b26ea0d,0
1938,9644f5671402effa62fb1ca8fcd328a5727ac177,1
1150,f9c68b9c1ba313224b6aa3a0648d07e9a49661ad,1
1661,d464c0db15b75e1e8c4ff2acb646b7ab5edd32a9,1
415,b20c04e20f693b5d1cea7c73ff6a95d6a757f683,0
567,86ef11655b19e787fb98e88ea5dff0a82718db0e,0
1668,fe29bca6ef7398c09319305751912c86444b35e3,1
1453,731828b90a32ee6fe08efcff3c8e55643312c02e,1
520,bd2288dba3abc69b0cc0d4c55bb6e84fc12fda6a,0
626,0d87b64e01c730a1cbeb51395b5e67046ec69cb8,0
1272,569966a094e6784373987a412ed9f5a030e78151,1
744,f3d309f59acbd750666d5b2346376c1c5b202bb1,0
1366,bf4a6d3f4a203bd555e550fb61e0cf03c18fee5d,1
1317,db7c2d4d05f3c83c8ca8170d700174ce42327b7f,1
1363,aed2c5590aa458f2338ea6389e4c6377094fe681,1
928,43acf3e2baee24e2d52ba7402a9be19380e2924a,0
344,a9275aeaff6dcb240dd0d3f222cf313149398d4b,0
753,567c722102098d5de7fbd1292d63347819a01585,0
782,d566facf823e6151177c0bdee6d34739fc304773,0
364,0b275a41d3c12e540d53b010113bfa81beebe4ef,0
1429,60b7ae6ffe40ab9f4dcbbdf2d25454c29b6ae1a2,1
1874,9aef4b392e52dd5f38ebc8aaa392fa4d623a8e4f,1
1041,9ba5841572caf2ec813056995b97b201590dcfeb,1
433,ff74d9a4d0e1ed0944c9256e227ed24a1d70930b,0
1562,202664876f944ed160900bca551798a33ea53495,1
268,79938c4c7b5355b3f5da9c3c9ccea511ad24dd53,0
914,74da9952db3e75f6dca0c0dabb3b154a281b7e41,0
617,10e9faac019ace293a6c63bbe0dcc69ba100b3f1,0
935,f472d3b0511a6a40316e30d96cd27afafa238dbd,0
929,85d30150d3222ed42d98eff2fb28d1abb548d530,0
1600,ab355d746531fc34a00a2ce8512cb07524251c59,1
1474,5f13e4bc5f50c691e50c42d63f14c0aef121eea1,1
1229,9a869fd6204cc348362fcac8d8b841b23c81c977,1
319,e9315919f93b1e22fe0f1cf6f9a2ae0bef43bcc1,0
1282,6ff2a357a5f34c1c9665ab10e6d9095a4d90dd2f,1
1416,7c07b21e96675367e99b9806b5359a1591aff239,1
715,3663f641b6f1e8c6b10dca0bf4d501984d531223,0
754,b89303ac409ada489339a2da517bec518e2fd42a,0
1822,c1ecf2030b0e41ded9b5a984ae509fd657067097,1
1888,d41de59db9ddb5ed4b7c008fc125f3a457300852,1
1918,4d3034afb61120cc42516797eb02dfd367b431e8,1
244,300194932032a3107f4030d9f2b4513d2b1e25cd,0
99,c5f0853f9c9b77668b3dde1c47c1232ba6253704,0
13,c6aa62b66c8b26db9e66f98a3655bddede4aa432,0
1208,834248e0e55d427f15f918c01a91263bf3879b75,1
1995,9da61dc0f0f9b03845a05be15b26e8aeb035d6cb,1
32,9777be6a4f204abacb5239c5174ac92bd3ec5f2c,0
875,7d49c7dc17a49c3a3e4f7f60d4022fcc35385743,0
1118,cb2b485256288929875fea2a952d2980ff3209fb,1
1664,a6d323d3077a4ac457bb5a087d4868b4cd2ab95a,1
1235,4f3066f27c3d358f8544fe73551ac0ea88f4c2f0,1
659,4322e677dfa4395ae50e05acb8b898dbc8f73575,0
1431,8561adaa1bb42e2a492d70d870ac637bed4bfc50,1
1016,2a37a668c72e96b1c1ee077045a71aa91ab7f85c,1
487,7320c10e5feee5f6409b78649d407b6fa90d4680,0
897,f1e04855aa430eacd7cdd2c8f492db8e63bba8b8,0
153,5b13d63e9d9b6cbc0bdb0e48391b70fb2090cc23,0
58,d2313be73cec41893f95085033af8daf77cad079,0
1604,3ae5556a06da08c1975fd9a76d73f4d1abf92398,1
1703,b146ddf4a50f785d4ed9eabe458bcc7722a7ec11,1
1767,2cff4073e36e5e2662ae49d468984e34b791253b,1
889,551f36dcc0203f49ff5b42f8952778623b735716,0
1809,0a65cb92c8dc755d9ef7379d05452b702e654320,1
1025,bf55a0dc614e6321cada25656b7a417f54f104d8,1
327,2ebdd5c1e57356732062473b000cc97a9610c874,0
678,fa24a664978e9ad26caa94db00d4ae054b8596b4,0
1953,c844a199763b7c30669b9e6896b9a76c371785d5,1
1224,8680c23bf604a13a3ae99f06660dc220ca697312,1
1130,6afe64b211d6f791f2dc6a725c83c260d99d1b5a,1
1979,aa306d7048dbc7144d7268fb57f1d857b86bf8e7,1
1992,5b9706a2397193df4dd3520ae8e93a2b76276db4,1
679,029f7fae4c878f441deefec0889a12b53e01f556,0
156,d91db65feda45457d1335fbc33bdc1304aca8322,0
1051,d7a38ecd948f031d86603f4a73d788d5bb7ca484,1
1591,9aedafa61fdb17d2ea832c2a16838ddd2ab7de37,1
280,ab847a82416e307d4fcba8b570c6ad3fba08d3db,0
1982,8ea9afe1183c0923a8594d024b7457d1543f5fb0,1
698,9de2e26019f052f8b868928e572aad10bd1ff66f,0
649,089a77d6fee09d2e881e51e63f6d5308c9024753,0
762,532eb6937eb2d2a8076f746cc3d42da52da7a9e7,0
646,15b64bbf7016e3d449e34dfdd2fdec1c8d94b369,0
993,5d4a0a5e486ed125f95d3b243673e9b918fde9e9,0
1620,c74c522eb8216e34ff4a0f0505ac29868106678e,1
1948,e913d54b90a631f495db447834b54d06ecff36c0,1
365,db6169c3f32937dd231a80c66cd99df9e1dc74ee,0
876,a596766be08c526a322d6c327c6629fdf7192a50,0
330,a08844e600d28581f2cccbf01d6720097e1a24eb,0
1966,f3190b4b893bef8f4b64db9de3f66948232ae4ad,1
1828,c90b76ba1b959d76e19ba8420d7820945ee07718,1
395,5c2c631f549fc962619615ce425019607108847a,0
1729,de8017267c226a2deb76cb57b7591e3ea22e7abf,1
460,742e8e7aadadd43f58f6f9c3d7cb6bbf4cdc886b,0
289,1437c4e5d45c9d1e7405826756b44d855f598657,0
1922,a008e8d3b4c112574b396705a33b062acfb15245,1
1657,865592d848b8c0c9a34a7d98a901ca670fd1f60e,1
596,05198573096f7fd9dc1607ef8ae7f1f2a6ca8f37,0
1638,d996c469303b80c557cffeb7fefa8c98f244f46c,1
1884,c9c9ba5be96bfb9202f3149e9286e4eafc41067d,1
1962,f469dce0e5a08b6b9076eb644a1718e16fad21d2,1
426,ac80ad96cb27d33856d101ebfa34820b49da366a,0
555,f1983fafa37a42b539a79a4a11d2124a341f865a,0
1616,f5eecfd4ab31730aa45e8749ca7cca1dad785807,1
561,1a1fdaa6f9d38abc8e19b960a53c1888c48c0ce2,0
26,c452f41f337f20b5c0755cc01d70fe4fecb98a96,0
1625,3783b4abba28d5ca7fbe4170253550bd80874512,1
265,a0eaf269107ce51e0820d031153823c21583c024,0
1094,bc632fe3f7a892e9ec1d80553ed069380678aae1,1
729,6c7365a922575d31f338d5d14218d9e4fc9ea381,0
1136,75f130a74c2fc4b1d44dc31b42979cb87392abf7,1
1891,8ee9c5a48de42e3dc49373bf32dabc3b3503ae24,1
1635,d45c4310de71056fa9ff9ad13b746554c8b745e2,1
387,5d2a0a9766440895ab1427c2abc0a954cc4d0517,0
1634,b088d0894a9e8422aad674f088cc7e5aa1e85375,1
1106,cd30663fd0c64d6fdc52a07e438a16a9109376f9,1
1744,88155b5b0e44d85c75e60194ad961faad62c4c3c,1
1099,b240030fe5698d9d18c0f53e0e1f2c288aa4f9de,1
1069,3e8fe7bc2fcc13f7c239522a994f904faf1ad39e,1
970,47289b5a5b5b4989d7559d5140ab0afb1e6cbed3,0
1184,4588ddc6df5ff26c305f14ae6c2c9fe597fb1fb8,1
195,2313481f7b27a527457c6b6ed618e86c72fa5c58,0
109,54e5de0fb96ed6407200a231c7e03ebe24b9fed1,0
768,baa987103ffadd28e01a1638dd01f8a262675de0,0
787,dc9b3547eb97ffde9130876e5b81080cb094d086,0
607,ddd5cef9168e71c2d2738ee02a7b6c8c7b0fb903,0
1097,02df5020717cb077a45fb38487f5a620113f58cb,1
1329,bdebdd2713ef6f40925b2da1ab56960659f97905,1
20,272d0616ab57b9d546c26d1b25d8ead3f76dabbe,0
120,09afd47c13993fd51f8c4d6387c5af0b28471637,0
1724,8501d39c54eef1bb7887ac1a5e74067f1a454f1c,1
1350,ddbe67a144445c555fad3e48498f693286bd9cae,1
1333,d61b2a30e084d787a8c7538147f1b2190f1dbf18,1
1481,cc7365cd09cc38c6664729afbcfd59f473fac71c,1
1545,af4f43234c2505812a6eee3359f3fb2855d57de9,1
1052,257a4260c72812cd40354befdf9eea5fc248fc8e,1
190,fa45c38cc03d54acedf6d06ac9c6f0747f066c13,0
1444,5a9f00afc630215656b7c3a2dc2499ea44b26fbc,1
1738,967a5f9634b175c1daf91b02271f0c77a2388a25,1
398,6d8594b7ea70e5e2db127d6a7649f9d9069c1424,0
1768,6626b15cefbdd34149aa5fa60550fb6a8f80efba,1
47,ebcf0e3dc6bf9463ffba94b93224879fc0d3ca23,0
942,9f56968d5199cccca9fe5b9b3829698e8cfa9768,0
486,08b79cf4694476f8b129c46884b4c25cd5d0392b,0
298,b72cab94b97de3ae1cf74311b6fb7d752e937ec5,0
1181,d6e71df6096398d296716dad929e3c378b0b801d,1
1551,1cd8acee419abac614d084153760b531252fbb29,1
316,1d01c9bdd14ee7b53fbde252f4035923c120e459,0
1877,76e2a4dfc0de8c66e6d0021b68e88bb515546893,1
686,192154de8f91ca72e57d70b01b951ba7883b2cf6,0
14,fdecb4c07fd4475fc1905b84728f23359fdf1e90,0
1195,56b1acc2f3a23de346d5e663b887eea16d2d0ea4,1
1549,ca190b911b19508aac396f78f8a893c8744da249,1
208,4872315e60812a5481b378edc1fb361381113e56,0
206,63f0883b0fe5be470765e624915dce8c400fe33b,0
1602,8b3e3f9c01854b9a8f8f1deb131e9a5685667af4,1
949,53be74c96a7bcfad4a421acd450529b6c54f1708,0
432,f482e5f35deafeaca8580425d59af72152da023e,0
658,5408e22982639d54501cb83c033396bcec9d8230,0
160,ccd6c771f8b197154359b9cfea604932bb2628c2,0
1309,a1a5a8451e5830736c181502200fdd94ed3f4de0,1
1095,2b608b6444fd4a59ef4c29bf1990ec70def646fd,1
403,dca42acaff5f2b16d3532fae59ce03fb98de1c1c,0
616,6e4675c061698922de087b64ef13ef99319b0182,0
43,7be99bcbea86cabd6f30410322ccfff87ceeaa15,0
1346,c48cfea9e6dddef16c58055dec8c2f2d9c596f1a,1
846,61e40acab8bc813aae0881aa4428e826530d7920,0
958,a68aa80aa13ef225e59308513df3ef41c1604ec2,0
1020,b1ea8b8fb3b2dbfacd867348bd28a0681736601d,1
1780,171f6061de895c9408846e92f318ff1feaf9272a,1
1371,3ac0960857a1ba3192dcbe3490f0f34c4b250402,1
33,c3eca6613820627e26b11dd582deff04fe63a8a9,0
691,5abc76e37b19b18f833f2d051b3dd83d64083449,0
42,8eab1ef9f78bc37c3ff4f5785dbda7f656e167f9,0
1998,7d9179b35ec157c228cc81a11e2c4ae0860f34ad,1
1798,1f76ed0cb7743f9aaf425225daad05c38f8672f8,1
1326,c2238f853006c571cf1eab01f620a8f1b78f92ad,1
611,76ed81165dcc5b1e09b161bea82db5792ac1dc8d,0
920,5ff20f6ad35111d542d2e968f10356bd13cf6da9,0
480,38359f1b289ec9eeb0e0eac5ad7f60f26eeedd92,0
1691,dea86e06442ac82779e74272cc0650040067b42d,1
1250,a4dbfb67d2b9585a22aa843da532ea3f290721b4,1
1231,f0add2a3fce34fdba539659c77bb0c5c5a69e91c,1
1643,d6eeb87cdee48c0bc8fcfad93bd09fa7a683b3a7,1
559,91f60ca7c8758d6e81d867099de3cf732070996a,0
163,a5147bb22e0431c534271994deeef36db80b9af4,0
634,c03ade779f8884b478b21480112749cfea5944d9,0
1236,b1d66b9a82cd67a584c44ebc83fdd46e128ea78d,1
1456,d10e525c1bb5397549996ccbcddcaefcbcb2484e,1
240,8c71d417fe0f79464d01016a2c75ed3572c1e41b,0
1158,f3fdb53d3be85a8d2467bbc02be11638667ec552,1
1161,f22065f9532f4efc256714db02b26d8f74f5b20f,1
809,42c5d81d37f3c60a1d3bbdb60daaa7da53f4cf45,0
614,bea90b816321501a05badc26386960815d60559c,0
1644,637f80a182dba3e18e3f825f631a4edffcd972b2,1
1227,073cfa45d2cdcb551e1a9023dba47581c9fe4ff9,1
1972,3af760adb996955cbe80dc1ede101bfcd9a0908b,1
722,4250759541fb6a841b45d2ddb92c9ad2f6af2aaf,0
1276,1850b004ee39b30929ebc2b3cbd93e7efad0f914,1
108,7d14e5929217af6788c31ce96348042b22ca3c69,0
738,6fddd7acb873d5a3c0292fbfa067a3568fd63788,0
1696,5cdf1bcfa484305f2bd5580d4a1bd62986ac5a75,1
1415,7d6548076e5e3e6ddd5f4954d1b271eea901348d,1
950,5cb5df5afaf337e0960185305cf552412dcc0726,0
388,33ddba60e9956249c61144835ae9064fa933f59f,0
579,8e459edf56246120a5d1f6a6216c8dba2c2edcaa,0
210,58dec5f064899af65f87fada621a6d49cf892a26,0
470,880af702f1f5a40272ad508f9af46623afe44baf,0
204,aebaa4d8c04b944a14e61fdd0f56d32fa7b96144,0
418,f8718b96d395fd8c1beb4d9494062fffb6008790,0
1976,1bb587ff321889457adbf1a119c0528203bd4a81,1
1010,d46b3f89d73dfeab33a2e887316bc2cd53a130d9,1
1306,0e86aa9fb8844c5d06ec1f6274c564d61527a3cd,1
675,f1a54929859145b9813acb884d8687e5dccde2ea,0
726,c39059ba6317f5a53429ee72b81c3fb85e7be603,0
551,bfc6db74d020f316cf09be36c732192ebf838a9f,0
569,0c8aa1c572ba0a1ed755339f890275144668a261,0
1261,0048fe5a313423769e51d4e626636c111997d382,1
640,6ab0750e5ba6b5cdf56ee9e306a9be4972401e63,0
667,b4caf3db77dd231f045477db712fc7c98a341110,0
353,c2b4c614ac9538c04c45b7a3c504280cc28eda2f,0
558,46e36e2212f5f3ff2bdeabccc761005795c4e9e1,0
503,8db2e8f22a0a6ff8ecae165ba1159a7156942844,0
455,ca7ac6d5c57beaa0945bcd86f566e159dc84ee28,0
1965,d5819fd7b8aa7b5aff25e7ee78934b7ae7e81a30,1
805,9a02da1e489b248f0cc995ddf189571d7924a323,0
1039,8e17bef50f7339e0c7535b2b24de11eff8931530,1
322,c226dfb3c312b22a5e109f5e9950e49769353eb3,0
1715,60fecde31458b9b82d57bca2570e13b6a00eb20d,1
665,6de310dceb8e72cf83eccb8f4896aa536f67dc82,0
1166,2ed9aa8f639514b43a43a429a7c59ad19db6f6e0,1
1951,0a642582ef62bc65fb7e7f10e51f9099289a3763,1
375,83214a67c568d6c0a7c6fbf645dcfad208fd6cb1,0
1489,98823f00cc86457f865ff6f6073108d86dce807e,1
587,84e8a420963c5e795479e1a0c2eb27780645c248,0
1486,95d447f1fbd6513659ac62e3e0760ccebd488b86,1
1382,ba7a8c6a84531766c5c50cbcf7e5e2f72f789b08,1
1334,ea7179cbd2c045828d187fe06aff04be41c39d04,1
1577,617d6dc3383b94786263aede9efb702ba68524c7,1
1946,e392a1ca4c163f9c2b815dae85f0ad4f31c930bd,1
404,71e3d6473ac5b553986c9d76cdb5aeff3f574101,0
1697,308924cf23b807d2de79590dbc6e04939e0d1161,1
41,202b78a86abf0c53aca3366e4da35694ad4bf262,0
345,7ae807757d5aea5c38adf0a148e72fdf90b0a3a1,0
95,44955e01a5824c1ccfdd5bfe4c228531cbed3290,0
279,960208eb1eb2043ba7546a6b6f9803c4e42a911c,0
1179,e1df438a9e6c10455ce468bdf75cd4ab9ead908d,1
1919,65a6219d8609b87bac2fc717630dd39da4ba593c,1
1004,e371867c37ceb16d1d0ca4a579311aaccf9da9ae,1
1981,a1066b4a114bb44e1f84acc4a854077018debcd6,1
1786,91ad550356396ac5abc59e5ff4a15176c5a0da5c,1
1336,5bb1d2f3ccb0bf01583dfd3dcbfe6e60b6ade103,1
984,ccbfe5e2abb1a558d94ae3aa707c5b0a0429d4ce,0
1401,6f9c6e9aeba0deb8f4fbf4a105c13e9f17a7db19,1
1772,ecf79158a6f7b6e9a39f5815e244abbfcd6437e1,1
609,bf8e239ac5f8e02c1e6173ba1bf95c4bd80c2fe2,0
1911,17e86bc2fae1fe7666094a4a8dbb2ebeb5b6142e,1
1468,c247b001f1c1c44bddf781a97b041dc6a8b582e2,1
895,8d721b853b62c3b69387b36109053214b1ae2eb7,0
1319,bb3e7f021be5a818bc4426473575777cbc1b38b3,1
1022,555ab62e96f05ca09226fc7a7cc3bfae7b6b5513,1
1764,ac392343b4d051e1bb3d7ef59dd7e894c71d921f,1
981,a65c166009d88184148a95a4230ebe92b6ddf4bb,0
1710,ae3a1db2284d835969d8a1759f2747f4f47f0e1d,1
377,8348a8376cf05151007fed2011caa0f2f567cf5a,0
172,fb170e499d2c99cb9e40572377949790b07fb51c,0
1539,8f7e5b464f0d8e5d357c53f9809dbe3ddda7865a,1
18,e186bbbc20be57fc5dfa1193393cd5c43b1aaa63,0
1133,abfe0feb319ad4f231eb8dc218405fb2dec9caa8,1
1893,bcb318c4d612c825832c34c0a525c6c4dc100850,1
536,87c3e827acc27b6b024b08de70afff4dcfa862cd,0
1543,e14cc82a6c7eae12ce44f090105b24df71d25a96,1
57,3353f8d72b9f908df018b70ebe1fd168f8c042fe,0
389,01a3a704ead74327e1f836dbccf36215839c0fc7,0
1892,c3ccff53b0c825fa1bbb98a18e478627bcbaad06,1
499,ea62cbcd62f4438f47902b1bf83008ad5eefa419,0
334,47d38f6afb9c8d85463e671d4be12ce531ca2ea8,0
207,bf18420387b4f84e529d3b143d4ec6228b70fb86,0
222,d4e4a76558c4205a94dc9bb06990f217cb16de17,0
416,501ff5d524f971558c6c907aff36584b98e412f2,0
1258,4844ad5c20c12d8dab59ab4f3f4086f448537267,1
297,72bb5423a8f4acc4fd2b7e285e215bb1f8d93a2f,0
1290,054b39d4b22407474f6cdca4e5618b70ff76954f,1
1104,fe0242cd51ee560555b2c415745ff85db8db7009,1
1471,1b8b0b27573f08bf0f869a5a82677f23e6a28c6d,1
590,0bedc485becf451fc8b50da49c54db7b6487de05,0
732,b57866d505102d75c25bdb8fe00e50ccf3ab0161,0
527,779b0fa679d87fece236bafdf9f9158d9d89bedf,0
155,0fa506f9015794cec06594ebd9ad84c6e39cdb08,0
550,3c1fd982ddf0357aa4ac20c10e440c2ba910fb68,0
226,d321d1695a619e037a7dad1902e543e9c88782af,0
340,00d682e7cafe5a6bcb12d1c30f73661a111fdc2d,0
789,0322c55b88ef223ba208e11611786a794e19b787,0
446,0d1c81e925a7e09e3dbbaebf206c332d7c31379b,0
956,31255c49cf4a8c240cc7f7f017c3b3d290d7ae60,0
1491,c28803727f0d29995c7e4af98265ca7748bc47c6,1
250,1840b5289d63ea629282160b3b431546572573df,0
1233,84ee2e5fdb7676b1ee1c69ec056d5197d348ac26,1
1410,2678d17bec8869a05b1e5f66cae2ec0adf401303,1
1659,da3a9023eb427aee479355fba9c4c49bbe9f3c6c,1
70,5191189056ba668ed7d34b4e9661d7d99642e8bc,0
1093,54f643a039603dbf49db62cc675ad75e85fdc4d8,1
457,0df328ac2559ef312c1c7b63e84021c0c6c49349,0
1173,765426ebf72c6b2e4ec3ccd1789a231edeac1248,1
1432,9857bfe46848d700b562d81b8cfbf045aa327e0e,1
419,45e208ca78f2b651850e7d2c372bc25e1c5a7cc3,0
75,1ad99e5b0e3d1bfab743623cda38fdb5a8ba3dd5,0
1569,ae934825272cfbdcc07aa844da74e96339d75876,1
736,472cfcf4cb0b8afe1482c1aa4981cd93d6ea5084,0
1568,efb87cdf2a2de1ae48f6dae8c7fb4457560cd40d,1
1424,9ea1f9b98da126766ce9130e7c5221598e712927,1
710,f99b9b8e01e30633573c16e249bb5588f353b8df,0
666,6c6be2a2cf3cae6fc8882389023ce92cadd47708,0
1582,e593ba2d020c0f6d3605c1b075756c89db6625e2,1
1304,a3ef3885cc1a87869fc0981363cda55076af7feb,1
1759,855f5b8fa9c42a5143c4c5c28528cf8e98e8e569,1
549,e4e01a5655081cff58a8d8ffad4d4d081de6f2ac,0
1420,d3ed1552c248b3e6d058467fd11a6b9be98a515a,1
1178,219755160c877b1b1798daec15fd1e1137f2d50c,1
657,d25fd1914bafa2af17b112f771b805a6f195209f,0
168,fc1b4f04478ec66f16c66509326bae90aa24c100,0
1826,57d0c9e129fa220b3dc3234db4659d7046adfed2,1
451,bfffe72ecebbfce9861b6ab7ebc9ece6f18b0628,0
602,f34a6665d418a65aeb3ef6a5ba849ae85d766142,0
683,85d24d62f56d9317cb9aee3ac0bf06f0fee2e6f1,0
693,30da915862e3b31fd3228686699bcb1860de23d1,0
1183,65028e25c3b1914e3351eeeae4456c359de5e5f7,1
1430,b78b4b83479f72c448d4f414cf104efb5418c35a,1
1442,bfebd07f46464b5a01a1920343de26d42ad63af3,1
1015,b33535a09b6704151a25e2c7118f288456123a3b,1
1470,9593c25a711093aa808e3695ee674e510f11d489,1
332,9ca3cea0166512651d36c7ce961c5663529d277f,0
63,2f4ce0dc7bc70015cf79a58d0a9792e55bb6c50d,0
1042,fe919fb265e193bea2030cbff95144f270209c98,1
1255,0385b6d892f6bdd7812bbbf0b8c9c9d5aa4c457a,1
664,bf050ac8ee38d5c5b1c7b1f98aa4daa2ae7b371e,0
401,a19f34f4fb6db56b0d408afb55ae20f631dc0eb9,0
655,09919c509fca700f43a9ab394bf3b9a1a3582c62,0
1783,4b9ce3eaa1dec4a57c462a348df4c5c7c8968e74,1
1469,b2344a10588e0aa0816e50904295e8c231f9f9e4,1
1956,416c7166641cf0b1b6c8e844ae5a2996116f8acf,1
1277,a0ccd441ca2aac58c3dda5b47551bdd68aa09b0e,1
506,37fe0b83ff68781a91224ff36c122f9d2fbaa3b7,0
371,f63b1f5c3917cea5464a81025a209b2b2b5755c5,0
258,b7ac5fce51318eec0d42e6ce5b35128aad11f934,0
444,0e9941ceb1ef60ecf9c1ac70622b276c1dc03a47,0
1159,8c3b58956d6cb101e7ce6c1e6c9b88a1b24319b1,1
1678,bc1e2405b7f8d1edce9f5eb429aa2232218097e0,1
632,4f36f5198cf627923df01550c1d66cb2b0c31cab,0
338,dcb6a3f1517915bdf77e1bd14e59ad62713cb18a,0
1820,9d2c05aa6d5543f9e8f0c63ac944ee13a3627788,1
643,6587484b4817d5ccb4df028dd2a006a8e0ea579a,0
355,949ecfd276a80e09476d8343f06fc36ffa04e2db,0
1087,63a915f8fb4d922fc716b4066efd8abd91035bea,1
1607,8ed6a01d320e8e61e4b2eb45cb342c3e9438bb1a,1
637,a1ef710c66fe19c02e0f149a452fdd554d14ddf3,0
1168,3fd53bc15a46189897c2ea226502a197343bd5de,1
1339,cfb04e427917a251d2be550c90708ffca94b0ed6,1
512,e1b8c2dad7a26767f43bde3c63f7782193b671a6,0
1448,a4fde654624d4f78855f1b4326a9be2256292e22,1
83,8f2c2f02d46551edaa3e8f4771d1d36dc8f4a387,0
745,76cc3d192de8b42c6c008d5cfa568f338bd6916c,0
989,1cfdb94869471eacdf6b96a96cd9068bdcb4cd40,0
1681,654f950baa3dec12eafe981b1726295d7b956fe1,1
1050,2842eaccbfaac06490e837b9c8f2d10b0ad3631d,1
953,72c34a6f359dea0f902db26582de65fb58b946bb,0
1122,56d92c14a818858ce8955343b5f01b20cf0b6ec8,1
1586,7431be66eaf2e9086a2c125cc467b628146da9f0,1
1323,98d57f626d300d053691bb97bdff063a88780b8a,1
1220,aaa21ced54cb7d9da976b1d6e4ac2b918651d134,1
1110,96c4b7c6a42887dffb0f94602242dcfa2cfd1f8e,1
1517,1f5913cab6155165fe71244164efb8576700f4a8,1
1262,1d3fcd16c149695ca1b01b1233f9431e002a5322,1
1615,c0ee8a3c293814c3b9f7a4031c6d2fe07ecbbf3f,1
843,41b29405f75e57c3f84bd4f0405c8042cc4f9b2f,0
1340,a6674b39b785c5a2bff954fa24106101f47860f4,1
1162,5266464c53ade95f9397105af2516785475d27d6,1
504,9ba669d6f3b54afc382e4bb99dac0de76ac4d4fb,0
866,95a8df2657e35db8c677c4512639574bdebdf6fd,0
1665,3de91a6733f5671621d2e65f07e019e5e016fc9e,1
1930,7c55c729d4f4400470b0d146030b6e9289837ac2,1
1777,fedc5ef0918219e6646be0212ccd15f720f5aa46,1
1056,9b185a72de49bbe2c5ebb512f46b51d5d68b2cca,1
599,c78fab746ff05cdca4bd06c0b3339a7831fb0038,0
1990,b4d23371933daba4dead0bcfa77091781249797d,1
1129,7dbd71c7148850d4d78d9ba562429c8cfcd3c76f,1
97,95e03647623aec8963cafd2efbb62ef80ab5e636,0
1595,e1803592882442d2e32e368e33f18d928a902d5f,1
50,7e7b860382baa839d9a8d2db19fd7fb1624d723d,0
116,5d55e87e77459271f0de1f85ee21a2dea3967b15,0
1629,f950ed6836e82eadb0ba30a22b6045d993d79e45,1
988,fa983d9e301b0dc3e64ebd70cbae8b1052eda791,0
823,527fa6f50916f6b2df49bb847f00127d58fbdc03,0
838,f9e4a88c99c89a0bef97b907aa820f41e69d96c1,0
796,0a16d39298d7dfcc64a8f401ddab83cacf9b32b6,0
1844,4e612995ef43b98665631235a25f9842e44922b8,1
1337,ccc435e71afa6c1b4deb1d460b8c8869a6208324,1
410,9509347c4d7537c969a4879ded580dbaf05c5f65,0
951,88a871aee4beda72d6cb1a10273cce9c2a21e02e,0
1959,1f602e3db66507439109191a0c2956c32a8516ed,1
498,b3657b94779f7fa52e8b767385cd88fd427d966e,0
1989,f522652af84ce5ec6f1c20286fc7eb9fad9d3a52,1
1588,75e4d49c65c39f553582f83a431de7f5fd173b41,1
1331,789970e161bd24e3066d21b7e16303eb69a0b3e0,1
488,1262404b68e3e2a1153cf81d3d38f57d991e4d71,0
1434,269ca1e7dbc71d3e2d267b0dafc5a2eef1b82b04,1
286,e55302c278ac735745df91fc1b31b54b06d76691,0
1352,58da3d11d6b98b6614563c0ed4ea5176744fbd05,1
1766,1e055023c8452e0602cb567ea452a9c024992109,1
242,932176208e15c89de2db564dd2e52d169acf5394,0
1406,f26ecc7d8b2fffff2598e2d052fa7b982da22ebf,1
1504,1c8fea3fb03339c0c774373d3b8f251cc2c707aa,1
588,0c8bee79ccb93967052bf0aeff763480359bfa50,0
1708,bfd0fa8d82d9127b0e46b23a05129b92860bb43e,1
708,7008729aa9dbed7deea2cd675fdf867bc79144c5,0
115,35dc07a9a57672fe7d6e594732c05ccbeee8f61f,0
1030,58d47be518e9242123e8b198f6189e5329a320c8,1
67,1758519b5c8bd4618c6605b03cba51df29c8a377,0
1091,2866cbedee0a6e5980903dc4173a2410869eb7fc,1
263,804e4fa3f5fe97d7a759cb724014a21a3a2f0068,0
1882,499638bce5fae04d65cb8cf7a396ce4cd542d4bd,1
1375,43cca63ff0cc7dce22b06aa610c7b1c5c26244e9,1
672,75bb204340dac52abb749766494a712906c89097,0
1139,e30d1344f884554616403ce7a6b464cb225384f9,1
765,208cda2ba0632f5aefa37deef24b95195c5d6405,0
1287,bca875fef62dd5f8de66b6eabf5b8b9d2c659014,1
670,8e1b77c15692d4448da3f129ce737b89d21698e3,0
149,8dba3ecd0e9cb93445476952470a4c156d0a14c5,0
716,96f2c332e358b45975a9d34c6b4f2193f776c9cd,0
448,bc36b9bd5d8aa4a42027132db92c4f81fff48754,0
393,4a9c80f8e7c9535813e2384f56ea4824e6ba34bd,0
725,1eb0c82e99c4711f06ab66cb14abbf319d51b9c7,0
581,1092801a1d1d7cc8e45b1d909c553ea400615d68,0
954,b72c4c67de0fcac26c6faae25b6328d1d44bf30e,0
1818,00853f1e7242644a5ca9bb9771ebf66a945d4952,1
347,4672310a3f340d3c5952edb826a36c8c44b4f4ff,0
329,dbbe0df46d071ace10b5ae230f438e2e74a8c099,0
1587,457e80a7398bfe45db1b3d5eaa90b5c3f1927957,1
142,a5e2d0c77ce75477148987992cb31811cf077cbd,0
1997,32ace330362bb0ff63ff91a26db89cf60ba8ce40,1
293,fe991e1042058049abe3468b459182799dc6e3a8,0
1752,bd56e60865a1574cb4005a4c3bc9f26cb294cdef,1
937,e1e0aa304791fad831a5e1390301a4bd8abe5eeb,0
485,6eac759a314f942e9060398fbafb66257d1e656b,0
1639,edf6e661fa5db5bb1b4e2443c508d1c26c116865,1
1654,9af87240a5af2fdc969bbeffb938179d7ba74563,1
1107,73e2101151a87aadd756e0512d1f489bf2d80bc1,1
101,e7803ea90ac778c2ffe69306dab5a39a49f07b14,0
1376,2fc181ca571d4a251a58a818e60a2a8683c03cd8,1
428,218c93a04656eccf4ac7883e63c81e66aa623fdf,0
784,07df52e062f86654e4af5d001a09ea7077fcd6c6,0
1945,85bfa33ab68df9b0aa88d2f22630a9f8b4a0969b,1
1704,fce433c7c1c1499f7c0a0eaba340d2d5027618f6,1
1160,d1dcd9094f4b86ad2d24d99018a4ed19807f8f9f,1
1618,2fbed96b92198894ab591de4c5c80cf4f027477f,1
22,db0f1f323ee5b4ad7fae81d013c63210130e230a,0
911,a089c99ac9d20a820650e22e39bdd25cbf374c4a,0
1546,51bd8960a684480ea74fdb291b0eb169a3b3d64c,1
730,fd30089c3d0fde9e6b1e5e6e4cefc4489d57dc2d,0
1154,dc3ead63427d6c5fc2f5a6676429d726b9b484fc,1
1751,0847ece0139d45bd7c2c560ec4cbf39eed25cd87,1
1377,ffed28cc285263c08dc21a3df06bb5e8ca171768,1
1294,1e000d362f93b759000263d75412e87854de243d,1
1941,b2db63f200a524a289dea703e6d023ef8fc2ea49,1
900,1fda579366da2ea3094cbde6f35e2fabfeba6d90,0
16,dcff49b34482ba7d0cfb113b0cf817b765ac9901,0
390,6d42bcd3e1fb7ecdc4663f75d27fc6afd34061be,0
1003,13d6059d99b17e73c1c4760f7295d7c5e0bfbd5e,1
1295,dc92e7b4a057d670d449c5f23c6de9ac20066961,1
1188,d1e026b4e57c0f3e0c23645f95c5b861c19d5188,1
1847,f84ecdc2139227a87d29defdd7c20dc9e0e04d3d,1
1757,0d6c4abb1351999708461910268ae2f0b52f0679,1
1117,fb4b5546135ccd01b0634342a12f9c4b9ae82906,1
1241,fe729608b5b21bac12239e198b57b2a0dd0f914a,1
65,f1cf6d59a254d7700faf460ea02b3d15a5c33bea,0
1358,8ef035340e2ed65b0128d1e9b1fedac17774708c,1
1011,77c977744c6d5746a13235ebe415c37736a4e9e7,1
305,c20ba51d7c748b691decc59a27a94129ba79f724,0
734,e6701052d1b17d86a694d8046708bce8bafa66df,0
164,1a5e3daf37ead13676e3ca9a953dd8d8aed24eab,0
6,cf379609a46fef3f97378864d1aeb583f64871a0,0
182,c462d22278c670f918baf6d140316c1e85ae3a8a,0
1800,e38edd8a4976bbfb2e892c4c8fe3c799ebc9f022,1
1237,72ea57794b2e41b4760ad744bdbae2bd2d40dd61,1
1357,dab63864ad4d9234e779a33db6381ba4f9a8f606,1
1923,c9793b48de5e24096153a159bd7cf46ea15fb216,1
562,013c9c5015fa7bc2c629b48ac0478fa86fbce1f6,0
196,b6415d4fdeff6d94dce80302dd5a137f166b165b,0
39,df57eb371498ed7ee2021832df2e73547498a2b3,0
894,e08034d6a377d944d13cae31179faf0044d87b8d,0
573,67cdb5c9beb3a9a476cc9593ddff00715bdf85e6,0
624,403abb7ccba7717b54e02aa5afd805339385cb36,0
1755,6b73f1939cdebf54f20ffafb1c75d17b426cdf62,1
199,2141a5a368b422136a471a23ffcad82841f3ffb5,0
780,12191fdbc1cad4e5dfca48335f82aaa06eec0a26,0
397,6c28ba150dd09c18f52a86221177ae436c78363e,0
1790,e5668f7a3aed999382ba4abd34cb8431ca58a031,1
1974,f9300cf69030b4e806086e63021ec0dbe58c91db,1
299,6755e9253d338f75c804eaa167687c512a4b9e39,0
40,bb837089278abc14b041139c9eb4330a3e751a6e,0
1909,7b2413332eda3b0e354f6c104da83623a4f3e246,1
575,30f4a2cfb5f57f391fd462c3fc4b9644d56327a9,0
990,9e43267f4028ac7c60701a957e2c2782337d9749,0
1689,97842fb6a32882ee6498d98b047a6c2b598427df,1
368,89ee7e761743ff78e5d2e7cbe248f6ec763baa76,0
90,b0759b66afb6701aeec05cbc2a6e7417d427d99e,0
631,eaffbbff531cf85d0f17aeeed204e2e813c1b981,0
1419,622d70371e739de0cf115b7a8f59da6935c6951b,1
1008,91225b9b97948880647097ab4319095c349128bf,1
1457,a96a1a902d9de690d87d0bf55d2ff12ee6b02c0b,1
1284,0f745b86524ba4eb5ca86db919f9af65bcc37ff9,1
952,c6e75bdcc23e3db291e683841276a615b0f0177c,0
832,d26fa7d0f4cc5ce9249ad31d4e048f2c6d8c3f59,0
1402,7c65dc25e77cfd908c47afe81c0fe5b7261760d4,1
1427,2b2d4319ba8a0dc6589e89ed9db82d37ec5e4a2e,1
514,fb26dd09764effbe260cd282fc09068b6de82cce,0
1395,7fe926450c73292a3c9aa9214e03c84c44d08800,1
442,b8ff47a1f6eb447cc7e56d649de3d6ab39a91613,0
656,3bd2ead0c37f95f62937d10c1fdf9695c9ca0d2e,0
1314,e8500af390a2544566514557fe3435da2fe9e2f8,1
214,c8750127e87312acf0da52874be4c5a2e391af88,0
962,730e524296ab1cb096c6b16968976678f8ac3aaa,0
19,55a117aa60e940be7626a45ec4b1c5c9724675d4,0
1449,0fa93b891da2b4c2dc27ebf3796d586e3faf8821,1
427,9cde81f9d3eca603cb0355421db13667c5ae2fa5,0
1192,c4e096638761af5958857189918c6c4c416f8a8e,1
259,05662d35f011f9d957db2d0305cdfaa14ac879eb,0
976,323c543c9ef24c71f18b752073e5560d87eb21be,0
1264,9bae98cf88cd76275ecb0028055c943ed36d0fa0,1
333,e2c47b58e42168c7c98af118eaf17459182cf1c1,0
1148,361a1b072238eca597a7e2882c82494ba7cb90e3,1
1903,dcda6281bd4c42fe239d20a17f3eb34d35b200eb,1
1825,5767e74c36c9e5071a40d8b913559259fdd95716,1
1794,be62700983a73a4e255406f20805c3c9b8ba7ba9,1
1239,a18691b54470f01b53a99b3a30821dea4fa1b3eb,1
598,e7cff533fd6b19fbdef8e9e4de4433a5ba8ab670,0
817,0b4d91b14de9b36c0a439f0d88ca344b98a85d66,0
917,f7749fcdf4e24d4ee923abc29dc1ff378846d494,0
671,1b1febb2e17a377a541a850dd2dbd3adad1623e6,0
648,f8414e4c40e36c8ed02295212dd5cf702ea34ba6,0
992,5ec8e10aeceed05d48ec1a51e2e11faec9895031,0
847,78fdacc2e564ab7c08495cbbe66dab117f7adb9f,0
45,bc85c5075a81af113337e7516a1c7496871df674,0
321,b68878de7f09757bb684447d7c88286a164ec5a3,0
1728,036844c386df9097a1e0b468716941188b8bf721,1
1832,8ed136b8557e010d6b05fa3210b3561125a6c587,1
414,bc37b367a57e88dde34b5923b1d1b3dee11ca21a,0
283,5522840805f5398f83b00b95824e86cbf2380eef,0
1559,ddd63d02462c0857f726bf5f271269914782aa28,1
960,778d180458fd79cc9f9a5ca81d683001c72c0b11,0
1506,22f6c715396bcc960a231a0c767dce77bb14a269,1
878,44c77096566f7f0f6f8a77aca4b7121739ccb98b,0
1952,8d10c585e6863946cb5fe07939f4c0e5b752db79,1
1461,8da7eac78a2ca56e10a891659a5046b2efd69d1e,1
399,5c2eb3043b0ef7d7fed4fdf4137b930223e6378d,0
1198,722d5131ee1b2f4ca2c9d77f11d62372fdc89225,1
647,c556f6a2ffedffd6b45cad53ec5f28d736ed84ec,0
968,014e46962372988a6b1c33067eee72bc213721d7,0
1228,e5704db5acea603965617627f83ee78796ba877e,1
1958,19c1dcaaacbb553e941bac103af58f558c289af2,1
1182,c813801480a307c8a6dfdfa9ffaeaed115a2207e,1
1666,66f0fccfdf7b65b8b10c7fb10e296523c90bbdf2,1
449,38e058a5d66e4fe468e67f123fdc2cf0a51772ce,0
1232,5f81ba52677e422ca2e27226ddea1b843502d07b,1
1601,ad34b6b335c3d60c0dcf5fb7931d53612b72f2c8,1
1509,136010096a0e62dada6dc891989224a06e798747,1
936,ed60928a2ba76f367022be6ab2462544d5efb324,0
253,7d224f122ca052452af958d2d733117d6947b3c4,0
171,435b03c685ac65b9a69ea3b3990e626f6aaa094d,0
1642,eb4b8ac78e20a4bf14798d626b228425bdf9c103,1
1351,5af83ec871446937617478891799010d870c5712,1
1677,f07ba8d3d405ceb6fff71f7df8edf3cd4b7437db,1
1839,1c3dd675896fd3bed600946b208b3a3599608dba,1
287,5ab9a559ee5de73fe99fe1c55aa8bf53c029bd66,0
1912,031e556928af7c23f19135760020ec88fcad2392,1
650,777e3b4397ffa98ec01b128b5eba5f5f8861ef29,0
771,171ada31d62fc33e44ba1122039d14e789040ec8,0
441,aae797afff377fa590983cb8da9db1a01af4ff84,0
1388,749474f51666900c55bb7359d3c2c827f70aefa4,1
978,223f7d7e15759c01db0ddf5756b8f001c052ac6f,0
702,656a4667f7b685ab3a827676d144a721a9148ebc,0
46,557ea082118fc56a51dbf14406f83fef02d57a47,0
1356,b8aa2c82cae1b9506e39274700aab4ce4912b861,1
1088,fecfff33bc13f5df42f18a79910b28466257df55,1
311,30deb6645ac781ae61c8fb7bacc90150e5935f5d,0
337,d8d93efdfcfc526538358799c38559975de3750c,0
1281,0a6b4bf2c1a52ae2c017381b407a60d8f2fff269,1
592,56fa351540afd0324bc7285103bdff113b9bdbe4,0
930,1f2c0d7b2697134e8cc0726b2bae97fe5adfb6b9,0
884,ff6bf8a6388b7dac2668867e5fd83effafd7554a,0
1898,6e57278357adca99089edb7954eb9da73e5cec9f,1
1135,fe58119881f3e318c3d517c279ee30246815b1c8,1
343,437a85fa2f8520f50cf98411ef4fc720549e7175,0
874,903722b1ee896c76fbe0ddb941c45a19efb37fb0,0
684,4a0f363fbfb5a3f058710d1f35d3f185db939954,0
1370,17fd685284ea28cf7eed07a44bb9fafb4a376be5,1
224,2dd1853143f9da85b95b2c99c45854f9253fc972,0
1418,a635093d071704c37eeadcb5f8f00473ccfd1f94,1
1105,f28dba7ae63c13cf45d13c2faccc958d87ae8bab,1
543,f464108c7ead1c477af0211db8a6cdb19a75867b,0
1492,3a684c4deb31ba57a2a37bff467e0cc296d4bd8d,1
1776,f93c36cb88c15d85d7f3037ab984c6bc4d357814,1
1226,78de84ee51a9e2a41b12e8c4b111e250a9cbb3dc,1
1059,f996a2b0dbc038ad6a4d70a437a91171f1951136,1
660,3a15bc9b559952f47d277843b19a202c558108fe,0
1594,94c313cc6668e90eaaa662a676c80284e354333d,1
623,3eb4b0d8760b70d8d72f8967c4c02e908f172278,0
1670,50cbecdda55dadd879e31dc8f9da016605dd16d4,1
862,92cf79e2998cba102a40cdb2407cb43f6576678e,0
7,41465752ed7d9e9a935172af26d10c135ec909b9,0
603,274069d66d047ad26a28ef1912eec16fac637a74,0
505,aacac39f102a741961dcabdd797154e5abec1ef7,0
568,2b0bbd1eb351eec19b09cbaaad65f9bf0cafb6fb,0
1701,64d48e8403b42c1eb05b78c8d010e4ab81b5306f,1
421,9b19ef4ce594d3202b8e8aece64d059fc3b9f4c9,0
1646,40e89a8d50de769ff9d8f881b10d8d1be955a65e,1
831,0430a4d993f29df7f939f8fa8b38dfccde630134,0
927,7d36e0c6a32c14c437d4aa71751e295562efb67c,0
198,a69128e3f129c296f20fa7284020b182a232b0e3,0
1167,7df4e83c1d61422f34e7a5c5e19b5d7f79f69f37,1
1672,01b92c233be4cb7bb2e876989dd712b70c7049b0,1
687,f4d72a3ed229839dcbe4d5b11d5d553f0a3d5297,0
1338,3fa0644e89d3d4a8e6fe8773087f87c79e557527,1
1538,624d460cf04f2ff23ec13fa39f3ae1dcec267ad5,1
1037,8972a8b91e43bec04c035f28bf8894287c1febb7,1
819,801a3a3e23e7b9f0e774231db9a4cebcee0c42b0,0
1090,8e3e945abb7bc621add4c7bab694daaee23cabc6,1
1547,aa04f4997593d020a089275b9047976007538301,1
1017,50afeb72de7e1f4c446babbc6afab692720044f3,1
1947,3ea8906c9f3423880c32e2f7429c8c2758116884,1
1360,e98ae8074dcc8af96a8c8d2646a4ea18ec2fa962,1
1495,d0d8d2936c98d81a3ea4f2ead91f62b2aeb4c354,1
69,4800ef06d6e04ad6cfa55e000c7a5f8879e9d47a,0
482,3fe008d906b00bfbf085ed5314ea401a7286aa0c,0
295,bf999658ba65393d1cd97d60539ddf05bdaff142,0
362,a0c6c9d30e521418549e9c5ac91b967238978494,0
1193,1f26bd54507e366f7acaa86e21e3c8b5a8fb90a9,1
1596,bd525748112b7649bd4e3818dfc4f3f6ff4716b7,1
534,96ecfceb19d155f91080287851cfe1112fc5884d,0
269,c9ecfd102f81d5f6ec5207dd2f159a4cf6a0efd0,0
436,294dc9b6a819998ceb950992ec426e35ebc1ea3c,0
1199,9e777742b940e9947d27ad8f998fd31d6f32c286,1
1315,600c865003a25dd1f83cd7dcb6fb74df706c3eba,1
1707,fd78a0b1dbcb9ee223946e03c8d8a77afb855cc6,1
386,7bf2000146fe2af51f728fd308bcc7201a3e1942,0
1881,dd6367e4060ed7c45b13feccd18011d8beb61530,1
591,d56cc1a4c58396683d57683218f822b2c5a82d2a,0
1727,f4038613d0fa5cc8f7c3679d1bc2bb34fd9b4bae,1
317,75fd80ac2426065ca4070735d370012ebb4b67c2,0
1927,440fb616f7718e7191fa068a65a5b94853890d87,1
1771,e5416da7d24cfb97fc298d9090be52b9fb285e89,1
98,1ea8e68ba2f7ff851a24d583298e37830e951c3a,0
264,7278d4041580d73c6caaefb2d3860e8810e0f9ed,0
1929,34d4f10a2bcb93af5650b1cdf42738176d8ba2a9,1
1243,f4b700173c73db0d3b78578c2a117c85000cc223,1
903,aeb1c1f060f362553d24c2cbe4b1e84adb4c2c4d,0
331,cb4e54b95672ce49d4040c1aabec1b8f44199832,0
619,41c68aaab8438435d1dafdef9702cb0d1a120c8f,0
325,61d31c864723027c0ea5f731923af8757ac302ec,0
841,94e32f68734d4f8f1e5bb7915e51d08a82f09e73,0
1846,a587e2228474743a8b86c000e5aac1672a64b2d8,1
121,0525a46bcc5a904f9b857e5c5142fbc60a22eb0f,0
1141,ed095ea2605dd7e555fb24bd5ccbcc9b89f8f32d,1
220,b753e57ef7fdb264263339cdecc8ce1f2c0bb388,0
1065,d2d9ff3cdc5145109cb1acbb43251717fa01f648,1
1031,5b2fead271cc19862c6530e0d1e3116b1811e0b3,1
825,87c6b2a9b2542a19ce5efc6a53e17fe6733ed717,0
1942,d30e1e6751ef330831b3216e1dc553cc861fd0aa,1
1006,757280c9f6a9474db6bb3388b97dd7cb07495ce3,1
159,5888da5ee7d06ce75693ac188848a0f197ddfc61,0
1557,9c038b0a19342e5dcd6963c0ab315651847bc00e,1
1904,7ab12c141602ccc09c0b2ec243e1fbb822aba33e,1
925,944f0802b05b10981d9d4e60eee4738ebd07120d,0
359,b012bb3c63b060070360f77e1f1e85c9baf1362a,0
238,935be21500b73bc4b07f61505f82fba66ccedad6,0
673,a45ed12aad571e715f36638c6cf763fd2935bad4,0
820,dec2cc71ece16cb8ee45085fe002fd7a58741d6b,0
1996,8ac52baaabb991445ee0a5b63e0242b8578732c8,1
450,3ea82a1ce225a22ab2fa6d042a9714a12e0b7811,0
853,cd1f2679f9b3a0f60dfc095c0a11662ff54d6d7e,0
381,f0d9a54395234217c4388da21b810e66608b38ab,0
1172,b919ec7ba6d8e78dedaedbf4e191ff012e4dd83a,1
225,a11f0ab408838465fdce33a7a9d83c20e3aa09e8,0
235,264dd0036ed8247cbcce1494275f47d234cd8436,0
471,c9cb15b490e7caf80afbfd0ab019d89d10b2d0b3,0
1605,1fd2e949b22a1de8e98e1ff0ed70b2f2a6e80206,1
1212,8969e7f20080ac7d8ea34c78812c072249509abe,1
1218,39ad5736b07b5dee9c75ae46ecbb43a389cbadb7,1
770,8d924b1275404c4328894a89ee9fd3fe3ad92bc9,0
1684,4bf4c27255974808be1677d183e613cbde91873c,1
1202,797302b33bba46de161d1aa847cdd68727e261fc,1
642,b53a267c87c57014b883f04420442775b73391ed,0
546,b5e681d5dd51afd5cd71ef394e5f05163eae45ec,0
1398,bde0edebf0291e4a6143e95f4f681df0dfc617a4,1
1840,9aafa13733ebbb42f942dd0afd75d6ed940b40d6,1
1425,d06ccf8e593065e3c9ad7aeff69395e922d46f13,1
1332,60da4924160681cdb9aa6dacd97eb452c947b800,1
1613,06db4934022c49c487ac1f31bf5a7455297d8b16,1
285,cabe94261acef1cfe5656a541b38cce9849200f6,0
1403,8ba53d342fd4729969fdbd9444d21b10958d20f0,1
497,d9a5662415b346b39d1a2d7c68ec66c7d446a117,0
1477,d3060791db3c0e70275d9d6ec4c831fb4c9470f7,1
719,5da281cb664b4a17396cf2044593c7549b17e1fa,0
1422,1faf0b29aace5298cbf5d99068912846b553fe74,1
183,bc2489fefcaa37266eace638a8e7fccb17b3cdec,0
1597,05d5f96008223f06e680559fbfa0a37090e72602,1
836,5aa3b5144656925aff3e397f4918bff53bf550b2,0
454,f232f261512443eb1e6344491191f88eb65f6510,0
1467,f05db34590dfa5b515b027cd7cf728b3c11fa92e,1
1561,8e3608b5091b76dea931c3686182c35d979cf15d,1
1146,d3d7680d9735c19084adb8ea8100961eccc1f36d,1
586,fd7843ec91eaf80ec55ab08d1992745c78d2afa9,0
1068,d3c3a7d6e6a9111bd91938d7e7e081273833ca0d,1
1690,e1e3f7dfda0fac40fc85c76f5326dcb41c4730e8,1
1614,6c30918bd032b755896ed2feecb085639e620faf,1
1817,1cfc450273a6ffea69f5747cf67b07be3f0189d9,1
1785,04cebbed987ac7b2b1d712065b200168f6f3a539,1
1390,e1b60cea9c40e5115219ef33419611145a45221f,1
668,b40b2f669ca1dfe69c8835be082fee5bdad60da0,0
947,9ed0f82771b6386bd096ec1a74aaae5e47e11b23,0
1501,68228c44363da62c2ad0cc41179813f1e9ab1f2d,1
799,8b6de0f89602d991c745127aaf639506066189a0,0
1933,6f6e558fecdc6cdd745c845469d501d1d2d48dd0,1
944,beb7b896b32454d364854cbc0f90c71f081513ef,0
1436,ea5770cbc6d4a9e99565d92e6ea54e585aa7ded8,1
1221,868def834b81b33fae512ce351f35a31257e91a9,1
580,7124a4cc2f012bf3549073334bf4910229f3ab0b,0
1383,69fbf7ae7829490accd4d3c1374f3a0734a8e73a,1
1773,dd1ed2c40c3f98ff710c2d5a88e6bb87118b509c,1
241,f5a385290b10c4d19042202180faed65005fbf91,0
1954,1a5350c6cd98459d1d793706907912fb6beb01fa,1
916,ce7f700b286e2b0839ca33717a12942af93ceb66,0
187,b74a2ae0af45bed9aeed7c4b88703f7c3c45adb1,0
1793,6714bc4af281ff74c2677cfdd939c6ba626bbf41,1
552,7f403af98498150931a80b3faa9578e4883f49ad,0
229,6950b316c2006c2bdfdd9f9f8cdc965d42bae210,0
1289,283e13fd4957597c76b546768053eb1b09e6ca71,1
1713,39eb7fdfdee881232870eede4b100dcfdc318186,1
941,ff5c31d6a809e746c05aa8c5ef57d1ade26078b1,0
1970,b2ffb850ebbc20768440de2e69cb5b6d7cf73890,1
60,405afa2412abb8f5b5569cfc425dc568421b3ed6,0
890,75e1b6821a7c13c4de730d14106b05765b99b9af,0
1384,45b1fb240f73642053242a26e22c4378975197b3,1
1286,8ee3c256b4f55b3a55b26a8b5abcf43c18db838f,1
877,f6d56f3b52aade7d6d6cfa39ad86b45799da44eb,0
615,e9fb6347f883e3514bc6f257146c9b634c42484a,0
1906,5045a5115db9d7d4b96ef8ca0bf0ddfd1b8d3707,1
700,39e1301bdd7379e6d2f854f30fe7c822771a11c2,0
174,4d27c540ad2749e99acc5d0b47ec539ecaab63ba,0
73,cf50db94e7db8add3ed52212df7dac767962d69a,0
1894,188f6bf838e79a7d33017054304434ec00704b1e,1
74,38bfb1e8da9211f20541328ad51f5ba5daac12ab,0
1026,e6a0b2b793ebe3df706161664e3a46e13206d9ac,1
1204,76352dbd95cd3ac2caa03a1fd51a33e86e25293e,1
3,514deb337e49c9ba0cc3d20f990b47799059c72c,0
712,2a93d5bb1e4979cfc7f020090ddba2d630a4a255,0
1669,546f4470ad772ba450c6fa31fb397549163a0ef3,1
1488,ce2d373e23b632d46f20980d4da2d44049c6ddd0,1
1082,ddba41d712d24b26e17a0dd3bc5903db6eb24b54,1
1935,72b78360379cc6a5ae5569fd0caae871a43c72bd,1
1845,fdb97b63f2845a35a723e27ef18560f3fbb32086,1
1124,a388a0f3f0a2d96760b8f65ed1e49d081fbfd68b,1
425,c01450100fa50494188ed0e8049ac81fc995ee3d,0
604,acbab75ef1ea461aa849dbed10ed10a167d66ebc,0
48,92b24ca3b9e4252ed4252060f5d08b2cb1d9e45e,0
1617,9eced42ed5c934d30e2a917bcfd844ec9cd428a4,1
837,ab9478f6ecb4c34dcdddb60b6c0423ffb68c5d12,0
53,47a69261d3ee600f4301dbc138679c5f63e36b9c,0
854,ed4bf6b5286de00d06949a96e5ce008c68e3e1e7,0
223,a22da8993e1b4bbab2ac7de3f5892fb879178a65,0
1049,b99ccf7f5fab6942ae74694989fbb3d61d26d8d8,1
367,84636244a0329579343d302447809e6a2b88101b,0
1102,078cafdd688d56300ff1e6691491d887500e1036,1
1692,c979085b70be72f7ec66d64818d55b57dfdeeef7,1
755,232a25f7f50d6dee7d443c3f4ee06f5a4d82a1f8,0
1064,c18309286e3c39982ddf30bcb87b4adde9cace07,1
740,cce26d808da9d9d1c7572edd5f35f2cd562edecd,0
243,b8b745241e29605baacf8eec0244bb8f6c43453d,0
1267,333b9a498a2959a34feef356f0dbf44dcce34ebc,1
757,333420be8f05e797e0a8ad795191e29c8028baa9,0
76,8bdb149c99246aef288af74a569a9bc21c28c899,0
1897,38f07299e3a443429fc4ee051c4432b4398aba1b,1
379,72db416876dab86bfb5e5d4eb179c4caf96e1a9d,0
1223,53b7cc55d6e769efcb2a040f8542b27d0c4071a5,1
1720,38a630e28a861e528d5dae70e22a5bec4609e713,1
1695,0fd78017ede5642acb29a498ea3534ee2e19f08b,1
1303,c2c04cafb87fd5a4a3ac0486aad513856d360c89,1
17,87eeb48d134f8c20aadb7d163fb7babafa94ef8e,0
811,2a5a9c456366107e05f453de2e9e364af9fd824d,0
400,4ab08d7278214185fc7750da6d40a9c8ab939939,0
452,6348ba5d324234625950f580251b71c6cf7654e6,0
1113,2bc4b509db50352fbb1710a4571a7190f02705a6,1
969,09b561da8be1683984bfd0476d49a2cd3d3b4210,0
209,4a6b19cffe0ff962ca1ee5fd28c162001941fbb4,0
1680,8f28fe7cf84c0f165040264a4a379c6bdfe7997f,1
835,4d6862b614f6a72beb3fff59c5e4958db8e2d92c,0
791,cd46dca2dc5dd0685586bd6c25ea862d7ef64430,0
1896,8ad330e56bb2c36981b530c32acea2cf4ace2ebe,1
1242,9e04a2deb70f9ef945e090a82449cbf92fd3c024,1
814,f14eb6b5d71319d6e3b06b72e5f044980569b10b,0
1835,e6a35cf21d5d0ef1fc94c9c0c8a27c906ab11d44,1
1806,fc67d25ae5c95cec6a864a6e20fefb09f7578052,1
971,694a83ef4e6cd4d36484c2bbfe2f945c94ee7ba9,0
21,e96c294790f5bded28ee3d63659f7c91ed22d3fc,0
274,1386aa4af145eadfb7b91e83b18e2b875dd119dc,0
597,e6f481d706269e6f05b16f85870fb82edcf2d679,0
957,3e399a9db218d28b1bfddf754706e7302fe825b4,0
1573,ea7a979650b8d726e88dd6088ddd07719f0eb3f0,1
1851,06cb819c1d759d0ab350c2af4763c24fc79d8e91,1
88,2b44ce7f5773ab9474ff71021a09147c3e4606f3,0
786,72f0f56b61b34e67ae28cf3b371d0ce0c838954a,0
476,5a77402c72ed3e7f6b7a7def2c12c2e2323881d0,0
1465,588a2627e6794d547ef4a08e0a18ee1a9f82ace3,1
1628,70b9bf05eab6b3ab6dc206367fb9653b5d75df26,1
1502,5d5e9646294b00037200b43201f7ea7765463382,1
1529,3582073fd9b4b542766c4f6c34651b5d16cc183d,1
227,2f7fdf91d23a44740fa56521e09d8a912365f37b,0
922,522336b065275e9d590db05fc39c8fc3c148f7de,0
1328,cecaf1ba3c8123d52d76fa2437de06aa14bebeee,1
801,11c4747308daa2ed2e69e06adcdcc87a6aef24b6,0
1623,e9d5718f2e3c2a8078716be2c8e3fc0d70bc82bd,1
100,3054d057d2ef694e65118cf04ec65b4a2aab2dd4,0
310,d7fdee7e7170d101782712dc8d140698664d5174,0
1507,5ff26f73c1af1b97625e84b3396e6f450de56b0d,1
484,eaa4a4a1e2584c8a0b91a77ade9e2d69fb96995e,0
1592,2a6c76f5277bf3a794708164334b9685332f33bd,1
1325,5d67de2eea37871ca5e999dbc14f34749088b390,1
127,0e13c1e8aef8bd13bec16ea16a64e744cac28f9f,0
1973,d0ef8f0f68d55f9b9eea0dce34bffa07591efa7c,1
218,1c97b1154d98d672762abe0a527277ba93eddcee,0
1542,9d36a44c6d3e3dcb4a1c86bdba4cc4f15d4260da,1
1032,681768428a6cad7eafcb31581464bab65784321a,1
1283,530cb2ff35af95b612595b190d6392494672703f,1
306,71940b48dbed5b7da14adcea1805fe74da826f6e,0
1936,5ecbfc69c1a72e2f70b1219b1fee07b3574e6bc5,1
34,e457fe2626e9917bd602c3746e819f3d9573cd0c,0
630,8a0a84b6f29d19e197b781145b11b3e4edf51fdc,0
540,34be1cadf9aa77a743bb0e6c3018d882877f0cf9,0
965,d956799d9a1657e6f6b9353c4552c7c174819f76,0
902,8d0450a1e5cd4eb20c79d22a043270def11e734d,0
431,b4ed4ec974d8aeaca8a0dd475addd09be443d421,0
680,9abd01816f80bf0668d6ec00bdc5c4f3e7b13e10,0
9,89892ec99d52d4aad746ef4adb921dd174e7a730,0
739,25855db49a405daab8e4a38f30bf2cc48d2e0f34,0
1653,db03d737a308ec1be672dc8314a0d8d5b62fbe5a,1
51,975ccce51a6b91d78ad5e7d599c88ceb266af242,0
1084,d4dec7e041c8122161a82a0f3cff389db4f649fd,1
130,4fa5a9b30de19def86f0d40d3d4c3ffaa5cf942b,0
850,635fc6900f8ec78b9f6c3ff4add93f908b81deb1,0
1928,562a685046f7c8e43dc556d80d39093e471a6f9f,1
135,64d3ce4a5e34aa4d6d1cf1e6fc9b67f693b70fde,0
1963,b87fc7b60ca2b71a7e10f662cfcd7e0ec7b7b65a,1
1240,3cac050bdf21702d2a06941f6cbe73604eface01,1
1127,9784271fb09a3251e18f6c82fc83e4239f1b2956,1
1348,7a74a23dfcdd8fa48b196c6926bc5400a674548d,1
1007,4a947d954db61df85deb3087bc3613fef89ac09b,1
818,b1f731930b71ea8e5877b3d3765ed57b25700cd3,0
10,5dcf3bb7b01255ec850d0028d1869388ea3df7dd,0
1256,14db32f5346c384018904ed0bc3bad342cb7a6e6,1
1553,7a428749c0eaa5e62ac3875fca004b2b5310ca3b,1
383,a9d899cb599f0e340a08ee54693c543f9a8b33e2,0
1021,ec2ffe13d2a7cfd57f85a2d1e31e8c223516b3a1,1
138,154c1e414f7631cd94bcfbf0e176d1d562f917ac,0
1014,c6ec5105f969f628b0134ce338fafe3a1b7023bd,1
524,2d82708c8b94c960879c66bedd51deeb54d97ed9,0
262,997d4bd3e70c75a36450b3a0eda79efe643bfa19,0
585,a2d8b1e5dd3e152463a752ecaf1eba13f698471b,0
59,18424ab04c06e9bad4240fdff8ffb079094e70fd,0
124,442aa37130c0d693a271298eea0ecde35a3b9e9b,0
308,5fc93721d4eacd2340352011f073401fbae0674a,0
87,608b6d1346019255808bf4fe6af469e41e02a33a,0
117,a8f2ff1b61a40e1f2c96c8e8e3217dea90a851f5,0
114,5dc3f6c57139adf10a0bffea49b0e17145b50ceb,0
1603,d662a661e24b79279fbf0e3abc8f7bfd52c774d4,1
1302,e8cdf71d5516b0b6f533e7459f6c5213e6086266,1
125,2d0f1331b45906312ba1642b020d5b82de4d8b3c,0
150,9e0728cc471dc1a6abafe5118f41adec81e3f70b,0
1631,a02f3db07ccc53cd02a9c4ab3e891ab4afa09634,1
705,612f6ae6386ca65cdfa6e3331939bc362b051bcb,0
1483,f8fc75eb00b7dd4c932c17923b52966237f1ec8a,1
560,e90aeb9e173b7da136ac9ab56e056e596df5305e,0
1756,082c4724c86a70ab5001227bd4ae3c5f7543df99,1
584,4c2184a8bd4865c0d76fcaa051f87bf110f1ec47,0
1280,e1013f0461f588e35a3687de36967454f4f060c2,1
205,7cb0b37f7d65269a3c7284f7a9220da268f40b8b,0
644,d91ef2a1e55fdd02726253ca2dd833e948f95dbb,0
11,60df8b3653e5b5ac94dbe11086b09c5de4eb0daa,0
1149,b6420388f054ec34fb502ed3b3ec39760d5d212f,1
4,4a20631d20270b4b5e97eaeeba85e9b7f09337af,0
764,e14903309dfe94dc12411468d951cd1bb41b126e,0
369,3b2387e562e8cef9e2b62460d4121dd20d7ae8eb,0
1123,53c4223b044f2ad5710809ce898a5081a161a7dd,1
495,35f6a86773711ea0ed74460b7f9b19c88e08e9f1,0
1873,d11af60ce213f8be02382e50ef8c21440cefb940,1
1111,6aab6fe6ca17e2ee96665855bbec711c81ab6c55,1
1544,02d149cbcb0f63bb8ee81be5d09f89ef4f4e8609,1
544,73fbe895d9bf14fd26a83d9e9e9f16c1f6ad6e29,0
635,502b22ee009f97b2306038f2ffdd0d7da81f610d,0
1872,a8b2df4fb1655fe9ea25eaa7e4381eb44f28a92e,1
919,7813a7e480c09d4c5a7bd5c902fa200de69d94c2,0
1865,77bd5200ca44f3eb17877c70859aeb616b4a1c7c,1
161,923fe0702367bf4bb654c7117f0c380afd90c227,0
1085,2ce92c67eda62cc17bd3a70963db70fbb5696b4c,1
1019,4c81dbe5e0d2ffeb4d1d4456580119ee2d033259,1
1516,1de8978c55c6467e8ae45849377066609226cecd,1
1515,0532a7b355a2ae0af4587f5a836895cd8bb5d41a,1
27,7211e730ba1bf60697701501d95b70059b99eb11,0
661,7a018a2414e97d9ae83bcf0f567b630a9f858801,0
1062,10bf2d8374b4ecb9967b95f16c84505502e9aab2,1
79,4aa943b9304f2607fe806d869e43f35af5c78a67,0
1813,f9248c918834fdc5fab1a1e6705fc046db61ef12,1
1152,5fcd81952661d9994621024c539e8a841faa6f12,1
1609,6143706acc118396e93a8e16a68fa00feda43be7,1
1054,28e8c0c507f5fef650262a96bfc3193e7785e349,1
1275,c3f35c175531dfc214f6a07e83e7f3ae536b3ce6,1
772,941e993f13b2cf37ed810d9eefbcdccf1fc1163f,0
1530,9beb0340bf33f97119a2a969280d08661fba86b6,1
472,522b5d413dd531cabc462a3fddcaafb92301efb3,0
776,acf6426aa90babb21f60765453820b5c2290fa20,0
1321,d3218cc92e5fd7663edb4b61af5d0622b9d5e918,1
1060,e781ebf2926649c93f49bdf07e3328f570d09fe2,1
1265,dbfa47303585ed1e2cc112fefc9df9eb1a4dd99f,1
1743,cff1975b819da500a0954876ddb5bc0a36f3ec57,1
72,03afd76f791f716e8cb0efd8901325a67dd6bd69,0
1784,db8868b2c0f5c6599cf0ee5e51c8913b5e8ee8cf,1
830,eeb421249da3290d32957943367202ce0023b474,0
685,91cbbe2d5db1ab7eb2349a5999ed92cca1e5cbb2,0
1362,495b5f4ddef90ff98f054ee3a6ce7dea9263f5a1,1
1458,98e9948d277344c91ce98d27a7d0d4fa99f4e362,1
529,91088c3a51248a71522df8eff2fc6647aef88566,0
1706,4494785aa8ea12860ee778d5fe60230ea335130d,1
883,2ca0381c0c15d04067469504bbd2f91b2b9eb6c4,0
378,cba55caa811761df79578ec4715bab4f664d1add,0
382,4b7356ebaf3a1fbe1fa181ed2e44a63338c67fdd,0
873,e742bb6ace9c44de0d7ace3c6c51ab3b2bb976b7,0
1805,c98a57e4031093fcce49365553fe0206dff61b43,1
1920,2c7bbb3f0d7105a92153ea42385b7dde13ae99c6,1
1987,2ba03b2621fcf9cbb816f72b54d0e4d482e4c7c1,1
955,beb30ce734fba87876e7136ad514c8604d077e2d,0
556,636dd2918db5ca72e8d40db174edafa6e4b70052,0
462,14f6a393ae38a1f23272ae4802dd1baf7b104e8d,0
193,d25695520121d52235238cd402ab4aaff0c35ddd,0
38,b32a61f702ab0205c8ebeee8288fab02f2dc794c,0
610,52b901490e4bcbbe977d3516311500e61842ecb0,0
865,b712cc2eaa5222ecd1964ed1034d785c7ff47da4,0
1649,4200056900670f5c0c7356e1c2450faa7a2b9376,1
200,3ad92054acd32bb538725ee8acb1aee2f7783523,0
669,10ad33f8171eee349d00f45271f5d7f3888683b8,0
185,14514fb3f28f65dd57bfee701dfd5b7feecb9e78,0
1774,ccf721f33aeb096cb1b4734d793786b9120aed13,1
1207,43b33c6fac5928a7d9cd9bf948a99c3b4667510c,1
1838,80e5b7f14b1a197f30aadb183a5e54b3723bb3e7,1
1361,320846bac31641da1e3b6a5180e422fff83b841c,1
291,ff94dc551d2cfa98803ac2c88ea2a38285e38d45,0
1633,4127f7879841af7b3e361a3ba5ac544459711485,1
1493,a7916b03a2838ecb87e20d270696be5460c014ae,1
859,c52eb0a9a4cedf352f739d936b63603e95ffaaea,0
157,a4598db97889adcae9825273ef3f7efc59da8ca7,0
746,abb2298b9b17811e0c2e843dff5fdba5e83b713c,0
1747,c709b364be4801ee901982359cd2b2bbcb719314,1
346,939c4055b9f57d4511dbf2a2f636dea8dc26078d,0
78,b884d61b6ce7223a4f17dac9465a265a9ed01cd4,0
1699,3d945ac2bf28a9ca513ec095c084a903b30b5bd1,1
769,c702ebf5273045a8f039fb22d9006c40e901a93a,0
711,bdbf66e5fdc063253c7ddedbeeac70e77330034e,0
1641,c39c969542204a172e75d2d6ef44eaea1254e631,1
1984,0a059e60a1a90dd6f3cbc36d530f8e40ee387a5e,1
405,8a9c9ed26dd05bf519aa2307b280a155bb5ea9da,0
516,5266813fced13cf91f422d9b316b7dcf4195b53f,0
1522,dacd5132ee02ee09826a96999335f6bb3239bc72,1
1940,60bec3a565f4acb1e2eb0c4b59c43219015db9de,1
1575,42a864190c264c5dbefb992cf5fc3d7f51db6040,1
522,2507cb9e289bedf0c29ad5fe3910702bf57e9407,0
1861,d7d277081ac967fb344142aabf57797630add3c3,1
1482,ca9ca5eba93d0875bd8b76d0fa7d08f3901fff93,1
864,b16b3f06f798e1551fad671fc0a04c50ecda89ce,0
1500,4cd3c36f6095a3bba5e469b7bf5d917dbfc2e209,1
533,5ba1b4704fec9e8c1100ca7f2bcac3c3168a2d47,0
396,53cc9c3f07f1a2fa1695f9b9b5e97145a02b06c3,0
1023,8ca629bb5e93cebf63d1cb6e4c6bf669109b5178,1
290,2add61ddb90e1391cf72344074ccbdb79f3f0ce7,0
1788,a63b67984958fc90525b71b97f6b884183e3e950,1
888,06b834b69e35d53af92b783d93393a253d4bb54a,0
1528,5685e1508c330594dde7c6bf5c65f54f2c67c194,1
1555,f3c377e36726441f3b4e85bc1903344329ae01ac,1
1651,64746a7adf7c168ff3a92a004fb3215aa0bc08a3,1
1905,cae691ffbe75d13e49511b12d35aa45e5e16a41a,1
804,96c4d2306a516c73f012742f326fc358abba12fe,0
531,79cda52efa6837aaeadee1a849cffb712c4c2b21,0
1186,3cbbc7a030cc0984a3aa7192a41ec0f4ddb9843e,1
438,26342b42d580927df3f1f9b790a7f1544f98ffbb,0
1125,83b01bee27063b61e9be48f603231d97437a9987,1
1736,ede099ace99b53af8861588048b62bccc21e95d4,1
453,fb9e83e888a3de8b160627737ec6e99a2b91979c,0
320,7797904904aeb7727ab4d9f77191a89adf58ac54,0
1385,3465c4fa4918bc9ef61d2478d44efffd033fc325,1
1066,26b13c227cdf5eb55020ed6b4ef6227b80fb09d1,1
921,7af2b7a09f62338d95785ac25efdb08e895dcb7f,0
1949,d6a0d1add361e5306b9c835d4abb838e1be38898,1
1556,be31be7b3414263ab8b67884545044aa10cce9e3,1
1969,98e15f4fbe07a475c0fd1788c6e2b80beb843ab2,1
1572,e0b53dc9a28be4eb13b4c93af2f2136ccb365272,1
1980,79115d6874f19143e0a13205c6e90d2a49c3c4c5,1
518,f5fc87239f8a8921f93f5bc3dc3929ae7c39d2ab,0
434,4457eecf735f7604b8ab20b801ea37fe71c4be7a,0
91,ffee0b949f0dfdf43249b7cbd8e89526d09e63f5,0
742,a4f80c2afc3136005ddaa5c312f18c651a8fa8be,0
128,bc53c83c249f7ac6f2e50d91738b83dfd8b404d0,0
129,57f574606fdd3363c17563a18ffb6253bfe95c68,0
1913,90284c3a4281c7e70d18606097877bf4e243805c,1
1563,ca57518ae548c4cf26832cf5e2465a46aab10b79,1
1137,599ca79701cacce15b40cdf9a487448feb1224ee,1
1674,387820bc370c2630107c244ce1620acdf7010a22,1
256,843a9580cc1eb3f1b9b61eefde721e2ff3a229a0,0
1271,5789886f8d342929ca98cddc9de295e0e75173e7,1
245,200f8088b94e8e3a257c0915efb8a24cfd4e1b20,0
1098,e0dfb12d1e7116ffa26b7a96711d3079ed35cbc8,1
342,8f3a423b17308c909e0a5585dee4b2c055638df0,0
1254,0054bd7c0207e78f9d20962b0ed86fc94a6cf0e5,1
491,c8b1074b63f758bf4fbe377fdea48c1c4324383d,0
77,5e5c8a67a1f95bf99e57d86ab87cffc1825a3998,0
797,00469f9474a6c432200dac130339746297753f2d,0
1765,43c99a9cdd20bc14a0c626e4c0ac99917fb6af74,1
106,0470aed7fee354c2010d8ed12061822d84d10ec4,0
435,1b851469eccbca644fefba42c6440e341fa04ba3,0
706,7ea510c8f5cf39621e21293dfaeede2e10a7f1ef,0
1344,0ea1150d2ae1b3de534d6d41d2a3e29f6617a636,1
833,457ec3e869e130841762be1d844aadd14a4a2c44,0
1730,3af6a304f64fcd3a12db2f65808e3c7ce47540ae,1
1445,ef93f97f1b60eaea8eaee3e69e52c0a785057c45,1
636,2526b22139c65837ad540ad6529df57e714a16eb,0
1354,58b85e37f98937a4e931585668549cb76da3472d,1
620,d689c926afa34ac2571f1581019b558756e03e76,0
1852,ac9f6829de8e8e6624893a4a8a26e7d1655fdbaf,1
1950,8612ded5fe26faef4e2e478ede448d100d116d0f,1
1213,e3a4a3c80be4ad615431d1f77f654ccddeb7faa0,1
201,ff56e4cd211b5481f00f86ae82aa2dec1fd41eb2,0
798,1491c97527b43094301b2d6b66bbda54ccaa8fef,0
324,014854c381aad7b0d4f1ff172033571b0699de7b,0
1901,53a05d8200fc448a8cb993d556c77c0ceb016be4,1
923,4c0bc0edb800029709745e912bc0a5c4f8f92152,0
1480,2a64920e47502d1b4f0e5ce5ace0a8c258525ea3,1
493,c4be86b8af50b73f096f22823f5dd553ff3b5b7d,0
867,19a09fea09de2f6688ec7434e95845714eb3c623,0
1943,c847c265b593b65ba53629b7a01ab8937c8e0039,1
858,a12098d46857a15b026bdae14b332207f2b3fe04,0
1,fe6129053d73422aa1c3ba03b41deacf68d2d27b,0
1598,0e5659d9e9bef8af92202e67a5901786b6a69e1c,1
1308,4d2db353529afcbb8e7debe4abe0032ecb0fa1cb,1
1870,3644f0a2280e4d51d5c6a13ec91e8eeeafcac46b,1
1789,c2b28f989e623f7715e72daccee826413447430a,1
1726,58dc20d232ab4f732f6be943c6eeccd0fff393d8,1
252,a89435a99cc046d2b354ff40ce334e0248ca40ff,0
872,f83a008d51753a7a2608bcd4b0d3da8088b7dbc4,0
1512,beda74b8ee01781bd9eafbea6bca7d8171152a5a,1
1171,a672529f704f56ae5def3b55c46801dd65288fcb,1
356,da838285d7982cd96de05a91bb092cbb9b94d21e,0
1816,c4664ef7fdb4cd427780d7e6e8c1a158ece27403,1
1718,fe7a98ef8d3915abe196d5a4a95cd71de10a5acf,1
690,729e7aa522b508e50bce1ec351544d8e7badefee,0
839,61aad8d7da4d9e9ed92d2c18de1fd3ffbcc885a1,0
260,4f1f9a0913d14c433221b93422f4829499b29069,0
1441,883f365801dd9d0eb4fb1ee578379768356e2b7d,1
1364,82af80a86351cabdbebff746f08ccc0970361451,1
1693,48d10a969e71c550b2be0d26654259e6cc0f87a8,1
727,cbab140964bdc5ec976090137903a71fa3b03fda,0
1414,8cb9826f7dbc907dba541c4ab4843b602c0efc3a,1
880,c432119ac4138863045c0b33e8e579489ab69afa,0
1292,17edd5e848a036b7f5c804cfb48e88ae4dadcc25,1
1746,eaecc3eb97a137231ed9c586a6ede79bcbdfe43e,1
1433,aa477f23bcdefe868a786c4ded9652b6f225ce93,1
1246,27f9b20e830efa53926076d17e84d26535dd1928,1
1322,1067e1487c1dac10090783276a8c4ce41cf4784d,1
328,61294fe50bd7c09bb5838bd44bdcb9ad9e65bc8d,0
979,47f00985014dd9577cafa540d6201f1a1461a874,0
1100,50dcce05fbc529428d23c40fcf717530f73404cb,1
946,8bdb2a7cefb0d39d7cf0aab34d28ebfadbcc07c0,0
1858,b1f1b97a6b3ffb21ee84c5d6007375fa467a8812,1
526,4c20a1a9f9cdbe94c755fddfcf8c2cb3f73a6782,0
445,bb50d87a67a9bed3cc2ed6918ce22061871b6574,0
563,927f604101b7de12d81d919385e06d4410671136,0
1114,bf65073068c420629d1e43ba1322a9126789ec8d,1
618,813eda6750ce1879a58af8696876a6b62db4ecfe,0
1750,233b795b4be44d78035e2487936754d09825f5bf,1
184,5a78ae4522454f9aa08b70ed1627e0648eaf172a,0
424,541112351926a576dbf96bbb86dc13e841bd6530,0
1667,f5fc5c8b8f0228d5d36d14553e7d092f8fcf2786,1
80,a01a4c3feb633a0ff3190a0088a3f8ed0cf60338,0
1599,f7900149ae21b9353be54e0557f71577942b4ff3,1
1895,ab203729fb0755bfe68ab98a711572721cec55d2,1
1353,dac5b5034f23a194b4afe451345bd9d317e18390,1
1775,7e32c9c0dd362b7ca02f13855bbcf4d54568f01f,1
1475,c375c214fe9ac622b3a2c17e5b185f14700fe21d,1
1194,56909389d9a0f1e8cf82d8e5d3fe5ff2f2996d1c,1
881,bc0d49f14a0f469065efb96739c92dd9535c6e04,0
508,84da617520011fd89aa51e4ab82b56e61bfa8966,0
315,24cb0e5c8303d76a63e12c6243cfcd084f2e3c79,0
148,00378803b945b044cbd74386a825dba2ccbb3ab7,0
1879,b1def95a01ac4fbbd6e33bdd5604a9e561d07a8f,1
523,379ef817137abe758e75e975ad7bfbe26928ba57,0
1248,0da1475aa9774e68f03c5e79d44c074efe0cec47,1
933,5811024f1fa46dea299e41206b89270bbce11a69,0
822,8aafd702d05b9eafd587cd18df5b411df70ac8c5,0
870,3a50de6d144dd54e38aa459d59bbe00d40723953,0
1216,7e553f291f25a5ee8a9f42ce7dafd17f8af3cd7b,1
1830,ddfe683d02f48ced2f282f66ee2ecb6c00f15853,1
795,ad0239aa17585ba4a3d50d012f19c51b7e474f3d,0
112,85991ebd872c1f4ae22ca994d86551ac463efebc,0
688,e68dc0f02c464c9e4029cea754daf7c005fe9fc8,0
134,18c7726829c3457ec570fb9fdcc1cec02b16b008,0
608,93932b6d4caba43ddfa03c938e5ec5bede4dd200,0
1033,a6a8ed39dbe9405ea27966821aaa62713f3454fe,1
1180,c14a39f035e4cd7c78df26f7e972b97154ca859c,1
554,8e2587aa3d1ad57b5bc78d959c241143a1682468,0
601,6a76a473c4cc4c7b97c4769ad5d852f206ff5f22,0
1739,ad589b74ca4acc3d5f8e087861eb709cc498e239,1
1986,185d5a37bf2a0815721e5b349769227a7fc704ec,1
1411,f3aed2658774a8d4937aa8144f24dd1a8532436e,1
255,5ab2b8ba949bfbec08a4745c15b0a3a2ce155a45,0
985,3e66ba450ae0df93e53ce77dedf1b98771c8e2a8,0
249,b53d6be4cffa9821f114345e656475ae1b79b44d,0
1389,703d95b644b9b4e9d301174b44d5afd5ce20faed,1
692,284a4d63942f731a058c36066a4c17093470724b,0
86,2717ed884842f70bb97b3bdf6c26c1eee9bf0549,0
773,7e7a2f5de1146edae35c6ff03660d7c0683f6ec4,0
211,2d1ef6feaf14c39f75f1cf64b02f433bce9f747f,0
219,21b13e8b1d33620672349432eb90736315f1e15e,0
1611,63d193ef2086127ac2e7a3754590e76205373f03,1
1875,c4a111fa924ad5e80c4370a9d1d3dfc3b9c2dc8d,1
975,c21f9a143d61b3ab13c99f6fdb3eeb0fa10ae0ea,0
1392,9af36a10a41feb2c5f067146dc80eccfb7ff1b5c,1
909,109783c6e22957b580ae3ec528e6409a5367b5b4,0
912,34aa6ade8f5fcf9d3fad9a6179e81e86f29f9270,0
613,de750285f88214bb12279b05716649bd388271ac,0
600,e7253705e7ce4c9104c24c471c4beb6172913808,0
478,d730f389f76fd67ec92c3c882ba5162dae8bb663,0
374,476a27bb7d0a86b67728a9856a48b27962139223,0
1648,77f51b7563aa53604964a3dd6e3354e43b89952e,1
1694,355d8b8ef223761139a3cee2b709d4282ff666ac,1
713,e5da9de7bc412dcac186086753293ec5fb76f59c,0
1885,359fb288270c2ad98be097e71ebb6e5caf3c5d07,1
1222,b6b6fe3c0d5a121a7c811e21ec3e11ce83ff367a,1
986,2a6811b43dea65f3cb2226a42bb8344943ac9edc,0
1209,b862c711da724f8fca1bc83674b1ba82164e3838,1
36,bcbddfc6c24c5fa2efdd71524eb2b9b877c1a19d,0
469,ec9e436b7ca5b6aebd32ccc6311864a7fb7cf4c9,0
273,c1207fa106dca884a33006b241cb4f62546184ca,0
908,3ca8a0b87b699ef3eeab768ad419d4dcb56a9ca7,0
302,3e7d838536295dd3b3c96dab3dca556276eb3734,0
1472,79dbb9c6905c6114f3b89f6a93ea71fe142e54aa,1
179,b1be603a3629f19e4dac5c78f7f3abb33a278770,0
1143,21844781157ed53efb4d94b5139dac35931e06a2,1
1735,ff2b46c3f3b5861bc3da76e77503bc8e7a8f4ee1,1
1484,1d1273ad3b3bd99a75b60dc19c4acfd14ff82d28,1
1571,0da5ce2740a4df1c7639403759783821061e381d,1
1219,72c44c5287502ff07a97b0d084e72d6c88ab8bdc,1
1450,10ad7ca1a2fcb61d7a33aa1458fc6d0041b147fc,1
1259,c8e1c438d3018d1cc7d7a0f8d9f7d1b4ad552572,1
466,6ff3eb3f7a709ae12d9e2db5e647831668877700,0
1214,479371117a7c4798a6e8ecebde390baaf8c22032,1
1883,2d8d372c8b5bc1c33caaaa767e389ab9de07f5df,1
709,a3ea36e1aa2b271ef3d526e97307118515b7bbfb,0
1245,7c6bbf2163c5cca1de7f684861174cc011f0bc24,1
674,d56f14c817f4e006ab59d78b4f567059af0ed223,0
407,742a676898030cb28ffa93e6dc02cb74ed8b6e1e,0
323,b0eaa88de251fa2a28c329a5b4d5f50abb8e865c,0
593,7e8dcfca2cb483bf3ae4f721ac03def31fc8dfb1,0
519,c78c37a07b1a0a89d883cd49c78ff0fac70a9645,0
1658,7457f8e63533525c82d14673701f250e54fe793b,1
1459,8156581a71fc17d18a105bf69993c65b1aae665e,1
1320,6afc64005195a15a4def5d7807f3a6753bfd4fb2,1
266,dbe3983334bf7e5962a6dc34cf36398410b1cffd,0
1140,973e209c64f11a3cec5e97b8cec634afa631da28,1
1476,2ff19d845e2d430e0910d0a47fad0c8302df0128,1
696,495c3cb8ee4ceed87a6b3f48cd518c7142c471ba,0
1859,d9239efb286bd64c4aa114a04d033258d5e26bc0,1
1709,9d5580494b368c2b0469aa1fe8b1d23f0d8cc79f,1
974,142153d824c99b96ea2e7a191bc53a2af44b3d19,0
1857,28ad45d6a0313997aabfd399f651c3aa26095154,1
84,e6e97617a7b5f00bb046b78f735015b0b819ddf8,0
641,5f7429c2d47d5c615c3a22ffbad3500e0eddd7e9,0
465,76226992ae3cfa2c466e036494c2aae9188426cd,0
1435,dcad4ddb6ce59026cb9b0a912ef784241c8613e2,1
1368,94ddc41f5afe56f2fb43f39141c409a7733715d9,1
1473,4e12677c79fc71f2443c5fac5e69e377e301fac3,1
1944,61d83b51789091363415e86a19760d8e56931b59,1
1645,69cac22fc89f0d7b05d193c67ae10da39ec08f8b,1
71,2d041756ade6c4d308318b86aed5ef8f94e9529a,0
1791,be05ddc291b3339c9192b7da96ef43c7fda1907c,1
1301,fb9ffa9e9eedfe130b6005f0bc2e96dc3982dec9,1
1018,7c5d2e7dc39f7995b627958b882397e809df19af,1
213,c9e3026adffcb84c7e3025c1f0976040d0dade23,0
1386,f2bb8969a9b55e1f3a24dcb7e2500ad081426be7,1
1278,f70bd0c790d68cac36e413bf1585f0a77fd31317,1
228,1d0e109e9b5f88b314eb0a0390e452583bffc64e,0
1900,0b234329dc4592ba7cea2a397712e9fc08f68f29,1
855,0fa21ba2138ae0f3880b80ecacae7564e0b43a80,0
1716,7315e363d19af450ff00e53c9f9e4c498e7d59f4,1
887,fb1d0d2c67e5cf62204a579cd04cf57644408d00,0
1494,d17304b103a5e89feb46110b3160e7540e3cfe95,1
676,c19dbedad84ef3bad52d2e9c1853f5f53c0613a3,0
1061,509d318a02360e2771746862f15ba312b960d651,1
998,78554725965a173f06d963afe4e83119479ca379,0
1391,edd2e02a43130837b827ab02a33f959af8172d43,1
1733,83f5e98dfde40ef2a9c919a25b3b9818a00778b9,1
1156,20823347abef4199bb2474a8d0dc2ce9035a6ff0,1
1460,ceaa54db1d77e071cb41faa4549ceca861880388,1
312,389f95568d0b9231d94fa001c52b2c3202552200,0
231,05de7cbc5960a566114cc66506b2a6caaaf4b150,0
842,284ed2990a995c7614cb2d7d6050582870f5d24f,0
1799,9a38021f82426f7c198e2029038e9aa776c154ac,1
885,e68bdd854fc1401b009e7273013377b374fb7eea,0
1957,f05b03d2ef455989ad927b3ffa54ab2c0f353be9,1
1499,fb173f17f9b5faf8a40179709fd02d729de8c57c,1
1570,11104d9d18f4d89d91498fe0ef13d47b7fdda039,1
357,5337457a76c001aaefe8430cab29557a44938053,0
1532,f89df70ab36867cda40499ea7ea9854e197e04ca,1
1836,684c910bdf0f8db4063ffcf47f6849975b6450ea,1
749,664a9a35e611712f5dd7fdb59a0c1bee6618dc6b,0
1367,b3ac9ffb7014fe083469a48f5a3cac6b6828a529,1
443,615f48b2487d668056d6eb96cbad17385d34c02e,0
1108,9d47e0b314fcdbe0ce34524690ed5ab30fc8e9f1,1
1589,c29ca31099ac388cf89e6012f8de0c5a7b7f7d9e,1
735,e9858f43a3340c6b9ce967d95d0ccedd0a1399d3,0
899,35cf6192db2734bf52f8fc8679b866ca01bf496a,0
750,dbd8a378ac69484334a39afecf5907b96a56a572,0
1145,631a5d1966d3da3970f5329926e633b3a915a532,1
915,1e25f18aaa7b21a25cea73dad00d0290ae2c8528,0
999,50f3bb276ace956acbcced68bde8bd8fe906b09f,0
1993,ae28565b9dc604451425d20295f89cf023842900,1
856,6c7a08b89f0bd7625f4e4f0a2d4e5287de51cb4e,0
1848,65debd5b27795f977b6d6a35cfc61937d031f4a1,1
651,a72ec26cfb7c2b8c815b6fcfbdf52351b5c2cd1a,0
1078,24323ab1221a6baa73e1552780988dbb9e99e0b4,1
731,2ae62463c6cb476b0056ebad92a026b5f39e96cf,0
181,6adba644ca700a1f2f4e2f76b2d888a8d2f2b6fa,0
474,df2ce7ae9b54d1cb1bb21903b69d2f0d76404f6f,0
1285,9abc35836e2f11b5b5784e9b9b2715b3c3e0c117,1
1926,13b9a21ff6b3060f92975dda1904d5443b6f1c2c,1
1307,3eb571734734e7cd9603c0b0304d1764dd9a86c3,1
0,4d03f037381aa81370f4ef724cece830910be6e2,0
1009,0ea430516b537aa0fb571270348ae84e80a3ed44,1
578,660507e2e74128f5985b753881a2ca99e5d90b9e,0
394,53ab50bb8bc4353f6da468db1b6f35dc206bf8ef,0
1700,3b1b22a10a2fb382dab1b8542964253bfb32824a,1
1000,b459d072bddac71aea668fc23f0e8c7b8fa2f92a,1
1206,0c4405e2546eeffe3d8ddf760aa6aa324bcbaa84,1
1673,87157607237cf0b9c19dc5a77d64a8a0381e869c,1
860,6c0e981ca36bde6918421696af9c21b7b77321d3,0
1185,be3f48bec50bb87951c837707439627531201b2d,1
145,fc0c1e78711ed775ff19d4cbc5176916ab780102,0
1831,108cfd9945707b83f0be8c0d117f4b1e15e0649d,1
1833,12563bace0cf7a5afefc90bcc3dcc4f6739a40a4,1
663,3cd80d42f8274d0f9c478726d0bd8f0fd1f8e2f6,0
360,193f1b3fbb17e3c1efaad56aff69d08c95eb4e5f,0
189,4937c08e5748a70ef568506e3ef7a53a13554637,0
1196,ef75985ecbdb65bab758fd73c44ca1a1d7711515,1
1115,f1c0440e69b8e5eb81f45ad21e015d2e7b281371,1
309,c6f769294be26dcdd37d8f57fc4f873ccd1fd1e2,0
165,5837f6445cbe2ebcd0e8842ff5d450a768a82780,0
980,6b1b38239e9b480b2f4babbd8d3266e52b83d02a,0
1464,2ecc0762c823a72fbacabeab596e1b258182be4f,1
963,19b321fc5ec42cb9db37ff89bcd45dcfdd745589,0
349,d7cbe573487247dcdb7ac146d30251eae693f878,0
1311,a4aa6ce5b81e6224775b6e8a93aea4a8ef798729,1
110,e22407c9959437143424a344867b297a2e6adc4b,0
1688,dd101c99b40c06d205218e4067074287caeee435,1
1347,db451e22dfa0ea4d6774cb10202e00ccae8b0f7c,1
35,21832af65551db91dbeabc0938893a596d2e1084,0
747,3e57a341c31d87966cbec869f79ad8b6c0aac744,0
1253,76107ee5cb7b24a39a961dda5271f18f57bdaf65,1
119,9ce97335918c8a170156d0fdaa11062c088e55cf,0
261,087adb4db8ebfc4d446b482487b85feef6e3bba8,0
194,fac17e241b7b237148bab87f0dc56eaffb95db47,0
574,95bb648d3d2f1c5a05f0080d0b7e82f36c60e5dc,0
792,f3732250c9fe9362bee2845b675064067969837f,0
1907,49fb550a6cb075fb24f29f0f93bf5c2fe172b9d0,1
1663,4a022355d4c5d663cb932e9f222b4b407443aa5d,1
530,ce40f0f55fc29cffddfb8410ac7209729c306b65,0
1803,f7983dd25bb20c9094318550237de86dad21ca64,1
143,b63a8bc13955eba24d324a09236e37ddc0a42780,0
1119,d9c3088cf097fc63fda5c9e9866eeaeb73353a38,1
1937,37f0d8cc90045cfe381b8000b8fbc5637c564778,1
1296,d5ae0bb8c9c0eb7f7c3634b08541c877f14f6386,1
307,132df9468897224bbb227ad387551b86fcfc9b21,0
215,a1a1c8d0a96500317a0fecf2005010f3226178fa,0
1721,28102d1e30f10c73eb1f04909c6e20fbd7430580,1
1408,9f124d85cafc8845b4a90688856580aecf31b165,1
1955,4ad738ebbdb5acc5d2dd5bb1d0d9afcf7e1493b4,1
763,4645cd75d5ad24959e56d5f4c21754f541a6615c,0
1908,dcee9bdb944a8796a777212880c4f905e90cebd9,1
1187,bb37dafe113d1cd7b76018d4782a423ccae63346,1
1138,67c96ac9c37648423e40d4008f5bfd592787745c,1
1455,c916db4894cb65a226a492218e206f811e1a303e,1
1405,2df51e794c48dd68de3aa5962ef397234830386c,1
1024,5593b3d966e4017bc5c25fe933cc3dc0739e4982,1
373,449e707c1b256ea6eeda038577597b94232559bd,0
807,91906aa37995ce1dae0735d63ae0864bff618d5e,0
1070,6765630fc89e477fb849b45b38ec742f04bb4eba,1
1991,24d88e2de3379a40c8eb4e39efcd9496b2e4e74d,1
639,7e8fc80ca67532dec7ea1d0d09b914884b71b85d,0
1131,7d927c58939a2f9e55da81cba7166f48e2bc7705,1
232,2c7abeb5b35604dc25b23844d8bbd4180a550958,0
1540,7558d853dd067f6e40c7fd4322a5a2245c1b202d,1
217,92f91f5ad29a7e7576624ff0a0012ab5b749caf2,0
1640,04fded10a3c47ae9d458c4c9616a6f93b5c12959,1
1762,6ab6d809d9883cb7834fe2bcfe2d9f2f69be3441,1
1176,2f706f24ff6d2105e0d0b73cc239acda7426ee08,1
906,249ffa89ad2e17bfb4e712a46c944702e5786f8c,0
126,cb471222cb10552d384ab219c54b2c482a79a18a,0
122,e999ced86aa1b6773e9ab3778bb59f68b9008a4d,0
102,42362305d29f5e1f4d550b82916538f854f0921a,0
1518,89c990104c4c8076cf179441c323bb459943cfe6,1
1914,3961f6aa492a090ccc458427808dffea129d86d2,1
144,74541149e8b582d04d298b25f5ea5ffb60acc82e,0
1120,b93d773835e8d8b11990863687fb2e42277100ef,1
851,095223d90b719f0cefffc3d60a33715a22b998b5,0
94,7ef37f1f2f807f3424db5f49d71e57fddd104095,0
1417,f942df44154da007af74cb2ce9c79ae867dfc4a7,1
1863,bf942669e003020f34de24cd2115854633eb02bc,1
539,8709399daeffc1b33dbb1360ed5d51dc9b40a540,0
783,a7aea80d2040841ec415ee9de853a8c8fd82e60d,0
1076,194e6978e84a7df27756f94ca1151e1a828e7d6d,1
996,83fd889d3e2c1f3cdcde1339017220a777d138f0,0
699,3ba47adef2f82d88714fb49c478c7cb7b5dad96d,0
1496,d1ab9ee1076ffd01a63726463b7d9e1b80994241,1
1829,dac5b2afe704e0183dd2db8e67711d707678af57,1
886,bae203e98e7afb28959a4ff1db42ad8605c535d5,0
1079,45073c858c5cf35cf38e44d2b8fe547c6d7b3acb,1
625,c5ac204782797f7c0b5d4ae4781ffb46a34cf80c,0
1850,ae7350afb4bbe7cd14e9ba06a33aa186f980ff65,1
904,4095a9d6fdac3d6c8bfd67c0d583f0134ef848a6,0
815,b7fd60ee252db733d9b03ff24ddb1f0e69dfaba1,0
1608,86dd9b3bb47e92ffca05c8461e895fc6761a3f26,1
1101,f5cc7d8968483f6249a0beed2bb99ec3550333ee,1
703,cc942391b5b76aa596dbecfa19d30f70142b14aa,0
139,a448530b7c8db9e0783f5ef36dfc737b03acfe49,0
1369,143458340af72e93460d4516f8fb2ecfdc95f19e,1
437,44e7c7793a172ce68d9cdc74da07035739ce483a,0
1036,03c01f4a91bd78c601e4a127b0916359dbedb8ec,1
943,36ca15c01be8c8f97b828b46b34b8aeaedd7fcf7,0
1698,0d2be1491e885928908fef562a900bbac3af30ab,1
1574,6da115c0225aa6cf5b539ca30d98437e9b815f92,1
1210,b7bbe673723c90bcc06733c3c0db500c856d007b,1
532,787ea713bf39b53626779e53fd49c652e1103e29,0
1864,3f8071dd5c68ba26990f0a2af4a21c1c8ac9d970,1
1503,b533218c41d02d4fff4a0c34916626e18ca98379,1
733,df75ae33ff9eda155da66714f53df41aa520d314,0
972,7cde78ba15b2d205281cf230fd42f61ea4f4a81c,0
1815,438bb00f8413d8634f782f087135b090f9189282,1
180,1df5e5ad74e84710dbb6fcc06be50c90defc53ec,0
68,1b19698280ebd5987f653a9c7df7c9d4fd9641a7,0
113,5bc602692a9cc01fa45380503774aa69d6b73530,0
1013,f2dd190818e731b9803d34e6086b05d9a7ac123f,1
456,7bcdb23c507f928688e69349853345183f6a53a4,0
1808,4165d02b20d7a1abe75d1ecbd3359befd64772d9,1
408,14b1409cc9a5b7bc07248bddf8ce60f7161a5fec,0
844,c8a63416f761eefaca01f9d983729d50fc9c91d4,0
1679,2aa44df321aeb116196aec769797f50ed91e48df,1
1531,c6efd06a9bd3afa689bb951fb82f431fb40c2e6c,1
501,d7f98772c1ccd0173ce4420bdd9578d6dc415740,0
548,48f477a5bc80b1fd1b881b4fc5ef1d9c41ddabac,0
1978,5021f894a334692ad05455287bea4ce2be9a610a,1
964,c37f10b2e5e742e08680c494c7442c4150e7fb8c,0
1737,5ec7da43a390a101feda53e48f69f4baaade0022,1
1807,6541be38aa952992198e84d22c13c46f6a75e808,1
1748,3063f6311ad48488f7d80b76d8065a59c3b11a13,1
1291,e1039d52946eefafe0ad4bbf1839e75df46b369c,1
1451,a4f23689ebb7c1014c9dfc7eeec3e5fe048b0937,1
192,388365d956a550e4a5f3c5886de338d225e7ea0a,0
515,9e48a1eb6c391f3b38fd5d278b6a4a5d49fc6915,0
203,b31c1b0f5f37e09a96696152e18c36eafaeb2c6d,0
905,c2008b1986e228c600a9a4842566f1c2e074e319,0
409,5bffe36a06d6f73ea7966cd51888d39dfa1314dd,0
363,aec3ab2ad72b3f759517a7f7ae040a6dcc8aea15,0
553,c5366b72a189defd08cfb9fa5f85c8f324f1fb23,0
1854,9a9cccaffa46870ad2777e7e7fb2487fea5647df,1
1999,0b087c76f0ead6f75062c9c70bc6f04fa601b574,1
662,9f377f998fa57b00becf3a6b33d85df64df5bb3e,0
1860,cfc493b7813034bcdc4e2b6ac3f12c77d08716b4,1
272,2e6ca0a755ce3eba825a9ce7e54859d909deb694,0
191,cc9cc968014ed5d366dc90c693542ee183be47c2,0
633,938e58129a2b648ba4782ed337c0095c7e7e8433,0
1349,ff2149fd3de76ea15052b3a27f4c0b6c841f472b,1
868,59e62d3e02941512a312ffdadfdcf5433a54db39,0
473,bb8ac80154efa2dc4b896ba386fd90dacd29fb47,0
1513,60b2d8d88aca9a0502b118d7589bb65126d51672,1
358,3616545283ea77662527c21a8f4c38c9404a770e,0
463,4a72016a1867f0f8df95b42f27d3f0a99e2d202f,0
464,e008fe872bc16d87fd4cb82432b08e5df5d2b488,0
1365,2a7d342ab4e85b5695a950ea30a288b40a7c2dc0,1
918,59083fead47a3de7394048aa441861de09586bd6,0
704,2b49f71e1393d6ccc9ffe19bdf9d6960aa7310f5,0
339,c58b9d704c3839fae78695b9964e065ad77302d2,0
1421,8d280dafefde51a60803d413d4a3886e9ca9ffa7,1
1717,79bf660a6908fcf855c45dcf84881e9a2ee21344,1
1745,8aca04567d72d64c97f3b81c216c4d8c54eb3f96,1
158,85b26fef2f1069fb96ab8afca4cdcbb7eb3b0906,0
475,42aae9e5cdc693cfb306f8e688941bad6071da26,0
1269,95596027fc0cea4da7eeeffe9d8b213e7963c008,1
1801,e5bfbc2ed78ab85bae2078a34d8cc605b98774d3,1
557,4cb0996aa0bb98760261c98263afafd9cc2792f3,0
1977,ad2ca5a80fce8a0724930d4e72ef970fa4036205,1
1359,b96aa27fa8d891a0c75cb2c94eb0eaa5990c75ce,1
202,66a15c3871a663fa307d7bd0da015c291468a235,0
30,2db15d9a81c7a707b6926a859b9198b11b9d5c86,0
1660,72f657d519620f5779afc4ebe3a96ed9b5295df6,1
1443,dabad7face4c3fec3e4548d89b9d49630460b14d,1
1760,e36955e0d26e2641e15f5874e2aeb24c5a1ea4dc,1
1702,126c2ea86b7baf85ad638b7f281be88b48f429b2,1
1925,f4ba61e76dbfb3d4824e6cf14a0fe7d280a7d37e,1
1047,190f1fdd0cbd789bb356b1b5312e5fc254b04c4b,1
1001,a2c4e3d3168cc839232fafd2a8dbf3e2135e9f36,1
1163,a8d81af588b0270b93f2f382c4a8510df2d874f1,1
1583,d03b14b235dd89c244019e3f3ddcb05f2f8bbf0a,1
1682,aa4a2f7421e3309bb6629432bcb6d5564774779e,1
1394,452e11a0fc48ce662f3f39613b48b0de35248a92,1
282,e93cd77ece098807fd84b228bd97c8b4f40ab86f,0
1005,f88b2f419db44511948f54de1b76efd2a9772aad,1
131,5ae43c825e14a2dece624c081dd77c92e47f96d6,0
1205,c95b1729dfa60a537fa8d47ce59997a767e041d7,1
829,9763330cd9d67214c152519eb13af12fcde7e4d4,0
1103,d0af7995460da07b005ce35a36450b12c19fbfeb,1
777,7910728d6eac1804f7fb6952d0e576cf93d1a8f5,0
840,ca850b590763e5133929e3240992960214a632ae,0
800,d08977f78a603b11af88758781739db38ced6f47,0
1288,04ff1aae80e91f9968e525894dbfde64de2d5633,1
774,bc1b183a032c2dc9171b5a6fae99342699029995,0
1779,a5c560deaee5b342ba8cf9a9c424892f00710dcc,1
251,8cb6a9acdcbd090685e5b047372a60560391e6cf,0
1866,3c3e22150d3df7d5c28c4ecd9aae8e363a64ee4f,1
1550,4d8a3c208e3614c5bb82e6424f95798981aacf58,1
1804,d5a7e050ea35b0a97997d2fca2f98ff215dd6c82,1
1270,f47976e1d85b69a5912ba96ad15f7d299cf96cfd,1
1132,ef2eebd20b295b74d675ed7d0f9cbba1c282eed7,1
372,e9109749da47e6c9bebfa0f808d9d68b45182e9c,0
49,74c0badaf190701f53bab05dd8e24e096f62b9d4,0
1792,de3c4a10f8f748def248ab0e490bf8dd18012bbd,1
1810,f0bf721efe079642794bd385008adb4949b3c322,1
81,f506ad1b00c39aa74c2117b72de1da8b03adeff7,0
1316,df33e27c8e3e39095a3e03fc9f7df6f519de7570,1
828,aae558488350063ce5c74489839a791d3f67442c,0
1548,0b3f358c30fb277a729bc0d5c5d30b042aff76eb,1
1565,8b88418d4968aec94735463e91e052a3568a9896,1
570,33b95763e2c9ffabe2f36ad4dbd5c2cd80e28256,0
991,bdca914e6fa7ac35cfe2d34ea9ffcb6470eb1ee9,0
752,bd25d01c25e85d9144bb4952f3f4ce6d72785256,0
1968,6079945015b6a50e33cb02e735230386d272c127,1
1630,41f05f80cc9d00694022371b0da8cf550ee4ad17,1
103,75b1b85642489f9a565e33a4660ad002c3424c44,0
489,aa8979490436491ec6ead42917ccf225a07201c4,0
1144,629fb2cbe27f8985f0303f16297a2ddda8f07767,1
924,32a5e1c0a640052f2d49b7850d9dfc5dd364a265,0
983,04ad04d508897ac4a7b65a8e44b3766b81760a43,0
892,15061b59832b9e9d8fd26f20df1e1dcfd26c3d51,0
1778,04d2523b01e639aaf064e70e6632d264890fe7ce,1
1585,848296ff8d1c938b72f8593050637f84733d26c4,1
901,1162f0216c52e7c845555a4ca2e350fff5b2a33a,0
1932,eb4843a1a778d9aab73c91b550dc4cf94869bbe0,1
314,4abc731c00e686af0151da626f795ec04c447979,0
896,c54001b7b41b69093300215eb74327fab61a4cbe,0
566,c7a5b75f902aa71354b5baa2cc184c463949e6d3,0
1916,ad5bec393baf9c79ee8e8c7570cd9e89e64d01cf,1
778,8035b30b752a14f856c95176600d94aa56b8d557,0
1924,311c1614805743f5cd316a3f5100f738b9c0a692,1
1837,bbb7d75986b18dacc0d1993e96dd69d6dea99650,1
1300,35b12005b73037f43363a7ace95810b29de42e4b,1
1554,0169ac41c2323d14717eb752b645ee81f93a4e11,1
743,ff2af173335b9fe4ac74d1247c73be60b4b744ce,0
910,65bc148ccabcf09c44b06dd026c277ada599f8bb,0
871,6709692e9b1112b11094bbc1fd5562c41cb66907,0
1327,b57888ffe5dfcd40029ddadedfae3735dac56f15,1
96,f37214422df63f1edaf83c9c6285039034d68eef,0
1096,b9674e4c3ac3185268913cc49a78ca742d50a115,1
1524,6e23be5fcbbe217bd0ebd0577bc2ac83718750d0,1
123,9e6bd634b1b43ce4d2df687f102d710046bd35fa,0
1580,d5d51f289ab6381956b2d0930734d2524aa56604,1
233,071ddf0af482fe312e491d497a007e95acd2e666,0
1917,01efe7e5b7bd88acf600643a761a52ac77f1c4a2,1
756,50fe6899a241d9c1b5b047e356c6ed21f35ce23d,0
1525,0406e07daf69992f646c7a8089e0df2cf0522d90,1
517,3e67e8ee6e735ee0f8ebc034b2464b3b4ee0be47,0
118,608b91b852a2554c8e4e81ccfcdd75795f664321,0
1266,e72982f25d674593f872d90be4f2119b25be1f5b,1
1404,e23bc4afdc8a3da30d24bb4d44ca12637f8b663f,1
694,246ce6237dd4b9af11477e58cc3142d355a63590,0
547,297a7c397995bcf1741be61d3eaa34410d1c4640,0
104,78726ab5798e78eafb90f7761d358e625cfb751f,0
1151,6e686dca153825c64b4a62d9ce8703d8c3b5ee29,1
1157,2ac876728a6f3269d55165ae1a258fa0103b4c97,1
107,1dedd495f50f839c56a2dcbfd6c44314c7352e8f,0
1624,d5625165f2906ece3cfb7e861f913a79391a44e6,1
502,66fa55cac0c12ddb43a0fbf624d5fe8c6a9ece0a,0
361,f77e481fe7a02d5d0642121fd7f3e74465404fdd,0
1626,d3a06c80f6d6a8234e4a8f83950655bd77679dc0,1
1293,dc8b7a19a4f63e932d4f0f893524ccaefa73887a,1
93,3748135e1a0f1caadc36e9d7a0e8444b29bd1702,0
490,c51fc92e36bee9a08ea490e9a6d264dc8c638687,0
1988,fdf9ee73dd3b6c9f3fd0c50faf0a86a463ce9714,1
1876,16cb5e1be9eb63d1f76a8978b5a96e497b427911,1
785,e28d10e58648f7f518430b2f2c7dbd350461e30f,0
1341,c2f440d491ff496606e91b172bfa73423c672c6d,1
507,bd7ec60953718663132bb45408628a9464a4848e,0
1842,901a48518edfae1f85df55e91365a379f29bdc04,1
940,f6e3ccd1de798e15c932e7a55e07b5acf0e9b965,0
1147,445e004dfe5cc9e1cbbca3488375b26880c55d9a,1
1910,37ba677d4ca235c826d894055f23899e02a2c4b3,1
622,42a7dd6726f50287bc53ac15f8cf9943b5711e3f,0
1567,55916837cacaa3cd78bd9b9892e2808e980776c4,1
1378,6ee74e47d317dc0c731b12f32379a620b56d2276,1
606,32afb264841a76ec5a22a58d3a047514aa80eb7c,0
1797,99e5f48d6504c9904c7a29b2d4d90546a6112564,1
1215,98245980217cad9698db1abec0e6e4c0f41c1128,1
1732,0744041b55a2bec125226d632cf9e9ddee89ef62,1
1812,7d8f5d3b4659a3bb9e4fb1ded0de2c5082baf147,1
1560,b23cb091fb5bd8c36ea8cbbaf72671e20033833b,1
188,537bb61d12e8fe64a414cd31add0ffb34b6f1574,0
1939,6b5d6d084320aae3c3ac5cbefb1a75820f58b7df,1
1622,2cc97621484d73e3f6cfc0614a34991a18b58d97,1
1578,2632c91375ee2b24052dea1d9d01ccd0810ad648,1
1092,3fec9776d37b4474db00b48165f8c3709460809b,1
28,f53492821516a31c2cb7bef744426deb6183c2b4,0
790,dc286764139beb279678e7e9e1ad064427950133,0
294,e34c6e5c2910633afab82929e8609fa06afefca3,0
628,4a0eef95c2cb028f9bd9995fc91c6888f1ef1c9c,0
1758,6424016da28fdb23dc5031a40fe7583be0e9032a,1
1576,b42b4e30530c6a46b08e2015e078095261992171,1
1686,aaa82745cfb2ce7bc051bfd38a9578c7ab415442,1
257,594a6c908ae54f16549da0765822658b96eeb61e,0
430,4a616430cd2b12754046fa5a348b9ad1a0c3e83d,0
861,7cb04f75e7a1119be74916976afe1fce476aba68,0
1811,16e0ce90ae572b0c7b122257d6bcd2a23141259c,1
1343,e36cac08da169fdaa3afb5a247185dd722c51507,1
384,fb421242a5c667ed1bc3aa177bcccb5682998c42,0
23,e03e8980779462a799c11b3b61be8b3aca39925c,0
44,50295f3afeb012536f87a7bf4d84c48d3409a32b,0
1116,a4caae85df03dbf25a6eab97e786d7cf74fb6c5b,1
